tree
version=v4
num_class=1
num_tree_per_iteration=1
label_index=0
max_feature_idx=21
objective=binary sigmoid:1
feature_names=ar_first ar_last ar_min ar_max ar_range ar_delta w_norm h_norm max_dy mean_abs_dy cy_delta_norm torso_first torso_last torso_max torso_delta hip_first hip_last hip_max_norm stillness conf_mean conf_min missing_ratio
feature_infos=[0.16093115508556366:7.4486737251281738] [0.1965782642364502:6.2178177833557129] [0.13106095790863037:5.5844826698303223] [0.22340983152389526:11.677155494689941] [0.00025862455368041992:8.1641216278076172] [-3.9907491207122803:3.1984255313873291] [0.033876866102218628:0.35077717900276184] [0.034740492701530457:0.97641336917877197] [-0.0012736638309434056:0.75927996635437012] [2.1914642275078222e-05:0.29777422547340393] [-0.23641414940357208:0.36200398206710815] [0.0019668096210807562:2.8554592132568359] [0.0025225307326763868:3.0109109878540039] [0.01609865203499794:3.1354067325592041] [-1.2019245624542236:2.8515768051147461] [0.087725304067134857:0.99462974071502686] [0.1282658725976944:0.98533672094345093] [0.14971986413002014:0.99687439203262329] [0:0.61780685186386108] [0:0.94535559415817261] [0:0.9419170618057251] [0:1]
tree_sizes=1980 2787 2679 3444 3344 3438 3401 3442 3435 3442 3454 3469 3466 3496 3471 3464 3466 3466 3482 3497 3463 3492 3480 3484 3459 3510 3483 3456 3497 3486 3461 3481 3471 3473 3470 3471 3488 3498 3470 3483 3472 3492 3483 3497 3491 3470 3501 3492 3480 3510 3487 3505 3501 3518 3478 3509 3502 3497 3518

Tree=0
num_leaves=18
num_cat=0
split_feature=8 10 14 10 13 4 5 7 9 15 15 11 14 2 0 0 0
split_gain=2376.5 405.927 131.566 101.058 95.3254 76.1556 61.3977 39.1799 33.195 33.5366 21.5945 72.7845 2.16672 2.03239 9.09495e-13 8.88178e-16 8.88178e-16
threshold=0.011712447740137579 0.034201845526695258 0.081923011690378203 0.053268404677510268 0.53470164537429821 0.47004961967468267 -1.1544392704963682 0.25601750612258917 0.00547730177640915 0.27972273528575903 0.39816808700561529 0.65215480327606212 0.358546793460846 0.31281636655330664 2.0058726072311406 2.2132160663604741 1.7265487313270571
decision_type=10 8 10 10 10 10 8 10 10 10 8 10 8 8 10 10 10
left_child=3 2 6 10 -3 -6 -2 -4 -7 -10 11 -1 13 -11 -14 16 -8
right_child=1 4 7 -5 5 8 15 -9 9 12 -12 -13 14 -15 -16 -17 -18
leaf_value=-2.2879888211292787 -1.8879997936854918 -2.2879888211292787 -2.0380590510893035 -1.7164102913309178 -2.2879888211292787 -2.2879888211292787 -2.2879888211292787 -1.7361382823559404 -2.2879888211292787 -1.7164102913309187 -2.2879888211292787 -1.7717726115631098 -1.7164102913309178 -1.7633025448577739 -1.7164102913309178 -2.2879888211292783 -2.2879888211292783
leaf_weight=2.7992653846740718 1.1655724644660947 0.78729338943958183 1.8653888106346128 0.81566429138183494 0.61233930289745231 0.26243112981319328 3.6740358173847181 2.5344699174165726 0.26243112981319328 4.0783214569091841 42.338888943195343 0.90314133465290058 28.548250198364251 5.3313709646463403 13.050628662109373 0.87477043271064747 0.87477043271064747
leaf_count=32 5 9 13 1 7 3 42 4 3 5 484 2 35 11 16 10 10
internal_value=-1.9976 -1.79932 -2.07586 -2.26809 -1.74191 -1.73367 -2.21723 -1.86414 -1.72708 -1.72421 -2.27786 -2.16207 -1.72131 -1.74298 -1.71641 -2.28799 -2.28799
internal_weight=110.779 63.9221 10.989 46.857 52.9331 52.1458 6.58915 4.39986 51.5334 51.271 46.0413 3.70241 51.0086 9.40969 41.5989 5.42358 4.54881
internal_count=692 173 84 519 89 80 67 17 73 70 518 34 67 16 51 62 52
is_linear=0
shrinkage=1


Tree=1
num_leaves=25
num_cat=0
split_feature=8 12 18 15 7 0 8 9 4 4 13 10 14 3 10 0 14 16 0 0 0 0 8 10
split_gain=1288.09 174.96 123.073 67.4071 113.436 30.9761 19.4086 19.5798 4.28732 2.85103 0.74799 1.14084 0.0758533 0.00113198 0.000671032 0.000438423 0.000128842 8.96767e-05 2.27374e-13 7.10543e-15 1.77636e-15 8.88178e-16 4.44089e-16 4.44089e-16
threshold=0.011712447740137579 0.22522166371345523 0.31179690361022955 0.66597792506217968 0.28959313035011297 0.64385235309600841 0.13672816380858424 0.0044648572802543649 0.35499350726604467 0.48891431093215948 0.98622781038284313 0.047293392941355712 0.60338667035102855 1.4630928635597231 0.041665809229016311 3.0374819040298466 0.065857388079166426 0.34867808222770696 2.0651667118072514 2.273902535438538 3.4808510541915898 5.1612958908081064 0.017959499731659893 1.0000000180025095e-35
decision_type=10 8 2 8 10 10 8 10 10 10 10 10 10 10 10 10 10 8 10 10 10 10 8 8
left_child=2 15 14 5 13 -3 7 -7 -9 -10 -11 -12 -13 16 17 23 22 -1 -14 -19 -21 -22 -5 -2
right_child=1 3 -4 4 -6 6 -8 8 9 10 11 12 18 -15 -16 -17 -18 19 -20 20 21 -23 -24 -25
leaf_value=-0.055610236490399395 -0.055073516049259544 -0.055619124762021327 0.29844038250990562 -0.055073516049259585 0.32434423391978806 -0.055073516049259544 -0.055073516049259544 0.43378480747403636 0.25807620896722677 0.34156018685963452 0.30973759091782865 0.33313237662979001 0.32822588030848165 -0.05741935975572459 -0.056777794072053224 -0.056424729862435186 -0.055864970412571768 -0.055073516049259544 0.32822588030848165 -0.055073516049259544 -0.055073516049259509 -0.055073516049259488 -0.055073516049259467 -0.055073516049259488
leaf_weight=0.79329189658164878 1.0036325454711903 0.53850139677524467 2.6130576133728018 0.66908836364745938 4.8668515682220459 0.33454418182372947 0.33454418182372947 0.95088165998458762 1.473286099731921 9.3206969499587995 8.8530010059475881 9.5154254436492902 33.712991237640381 0.87103296816349018 0.59280106425285239 0.77391831576824177 0.74245861172676075 29.607160091400146 12.040354013442991 7.8617882728576642 2.5927174091339116 1.0036325454711912 1.0036325454711916 1.672720909118653
leaf_count=9 12 6 5 8 5 4 4 1 4 8 11 8 28 8 6 8 8 354 10 94 31 12 12 20
internal_value=0.183063 0.293679 -0.0346069 0.30781 0.171092 0.322273 0.324931 0.3266 0.328283 0.326944 0.328325 0.326401 0.329071 -0.0558741 -0.0551073 -0.0553766 -0.0553168 -0.0550837 0.328226 -0.0550735 -0.0550735 -0.0550735 -0.0550735 -0.0550735
internal_weight=133.742 88.6776 45.0644 85.2273 8.15306 77.0742 76.5357 76.2012 75.8666 74.9158 73.4425 64.1218 55.2688 3.28621 42.4514 3.45027 2.41518 41.8586 45.7533 41.0653 11.4581 3.59635 1.67272 2.67635
internal_count=676 165 511 125 41 84 78 74 70 69 65 57 46 36 506 40 28 500 38 491 137 43 20 32
is_linear=0
shrinkage=0.05


Tree=2
num_leaves=24
num_cat=0
split_feature=8 13 18 15 4 0 8 9 5 2 14 2 13 0 10 0 3 16 0 15 10 4 8
split_gain=873.453 109.52 100.227 37.2673 62.3107 21.7422 16.3009 11.8729 0.930264 0.325578 0.0661298 0.00534555 0.002004 0.000608804 0.000572252 0.000412265 0.000275451 6.92154e-05 2.83373e-05 6.41588e-06 2.62347e-10 1.06775e-10 1.42109e-14
threshold=0.011712447740137579 0.53470164537429821 0.31179690361022955 0.66597792506217968 0.7580803930759431 0.64385235309600841 0.13672816380858424 0.0044648572802543649 -0.30101299285888666 0.88418093323707592 0.25201657414436346 0.65097105503082286 1.4708669781684878 3.049024343490601 0.042356427758932121 1.101495683193207 0.92064255475997936 0.34867808222770696 1.7265487313270571 0.75386649370193493 0.029185163788497451 0.64144742488861095 0.00047162373084574943
decision_type=10 10 2 8 10 10 8 10 10 10 10 10 10 8 10 10 10 8 10 8 10 10 8
left_child=2 13 14 5 16 -3 7 -7 9 10 -9 12 -12 18 17 -14 19 -1 -2 -5 22 -20 -19
right_child=1 3 -4 4 -6 6 -8 8 -10 -11 11 -13 15 -15 -16 -17 -18 20 21 -21 -22 -23 -24
leaf_value=-0.055260634744245342 -0.055183709294211375 -0.055246501995928732 0.24035346181588527 -0.054800707476433924 0.22667057247380332 -0.054801656613634869 -0.055706351333556059 0.25411683035992838 0.23763374123295972 0.259541309482407 0.25100176788106693 0.24925589843352733 0.25000990249607224 -0.056442912026175365 -0.056409772307754361 0.25037835866057156 -0.055884247796571286 -0.054801656613634592 -0.054800846701257983 -0.055003505999024066 -0.05480063566194282 -0.054801656613634821 -0.054801656613634876
leaf_weight=0.83851137757301231 0.66892466694116581 0.59488067030906577 3.0895303338766089 0.95914439857005906 6.4615327343344688 0.31976696848869224 0.43989960104226966 13.262876749038695 12.447990544140337 13.051355838775633 11.899343967437742 11.961812376976011 11.934777736663817 0.87829540669918049 0.56747543811797996 20.862802267074585 1.1952600851655004 0.9593009054660836 0.63944488763809193 0.6572493463754655 0.63942162692546745 1.1191843897104261 38.531919702887528
leaf_count=10 8 7 4 12 9 4 5 9 14 9 8 8 8 9 6 14 13 12 8 8 8 14 482
internal_value=0.152018 0.228091 -0.0343967 0.236926 0.141174 0.246101 0.247965 0.24936 0.25038 0.252292 0.250939 0.250195 0.250446 -0.0553149 -0.0548329 0.250244 -0.0553087 -0.054811 -0.0549067 -0.0548832 -0.0548016 -0.0548014 -0.0548017
internal_weight=153.981 109.355 44.6262 106.049 9.27319 96.7755 96.1806 95.7407 95.421 82.973 69.9216 56.6587 44.6969 3.30585 41.5366 32.7976 2.81165 40.9692 2.42755 1.61639 40.1306 1.75863 39.4912
internal_count=689 167 522 128 42 86 79 74 70 56 47 38 30 39 518 22 33 512 30 20 502 22 494
is_linear=0
shrinkage=0.05


Tree=3
num_leaves=31
num_cat=0
split_feature=9 12 18 15 4 6 0 16 4 4 10 5 16 1 14 5 18 5 12 9 12 10 9 10 15 3 1 10 2 0
split_gain=618.607 110.886 42.0494 36.7347 43.8871 13.453 13.287 2.06289 1.01103 10.9205 0.375704 0.0461809 0.0253537 0.00794654 0.00121728 0.000367108 0.000299522 0.000176639 0.000151567 8.91891e-05 7.11738e-05 2.7196e-05 6.11095e-06 8.95489e-09 4.88014e-09 4.78985e-09 5.81225e-10 7.89413e-11 8.01847e-12 7.10543e-15
threshold=0.0044648572802543649 0.28138551115989691 0.35535052418708807 0.66597792506217968 0.7580803930759431 0.087747775018215193 0.64385235309600841 0.34867808222770696 0.35499350726604467 0.47004961967468267 0.059945471584796912 -0.55013331770896901 0.56669777631759655 0.78970882296562206 0.88329553604125988 -0.88633441925048817 0.12263074144721033 1.3551879525184634 2.3040859699249272 0.0041340435855090627 0.18052866309881213 0.14018774032592776 0.005832189694046975 0.037395525723695762 0.34407170116901403 3.601260900497437 2.0661795139312749 0.017069181427359584 1.9639891982078554 5.734586477279664
decision_type=10 8 2 8 10 10 10 8 10 10 8 8 10 10 10 8 2 10 10 10 10 8 10 10 8 10 10 10 10 10
left_child=2 15 17 5 16 -3 -7 -8 -9 -10 -11 13 -13 14 -12 -2 18 19 22 23 25 -16 -5 24 -1 26 -17 29 -28 -26
right_child=1 3 -4 4 -6 6 7 8 9 10 11 12 -14 -15 21 20 -18 -19 -20 -21 -22 -23 -24 -25 27 -27 28 -29 -30 -31
leaf_value=-0.054541073039539437 -0.055931347427192725 -0.057312017432140351 0.19075848314880597 -0.054736760831752343 0.16839372403176747 -0.055031571532856344 -0.054541485091236623 0.24610759716594521 -0.059209266766780448 0.19829975174865055 0.20542032882516886 0.21016838738331367 0.20742158123965126 0.20719639335550291 0.20594717714882171 -0.054543767445401098 -0.056059301339680803 -0.055169459730259884 -0.05552661353757278 -0.054997177526990272 -0.055112328335686772 0.20604676392745502 -0.054542706487841333 -0.05453973713398981 -0.05454559691401914 -0.054540610510004063 -0.054545380284926615 -0.054545160373220394 -0.054545597962302655 -0.054545596853997028
leaf_weight=0.61062014102935691 0.63457510620355606 0.49444923549890418 1.8318408355116833 0.62824904173612584 8.0110220983624441 0.49242595583200355 0.076333306729792549 1.5094952583312977 0.38995681703090568 14.142781786620624 13.737188220024107 13.524238228797897 22.176109671592712 13.656867623329161 13.71333837509157 0.61092181503772724 0.64538788050413121 1.2268201112747181 0.60736332833766926 1.1274571865797032 0.65916461497545231 13.708834648132306 1.1452550441026685 0.68677783012390037 32.160559602081776 0.76320910453796376 0.61110270023345936 1.0693865567445744 1.3750359490513799 0.61112701892852683
leaf_count=8 7 5 3 8 15 6 1 1 3 13 8 8 13 8 8 8 7 15 7 14 8 8 15 9 421 10 8 14 18 8
internal_value=0.129528 0.184595 -0.0431509 0.193985 0.107114 0.202895 0.204096 0.205292 0.205478 0.204895 0.205879 0.207063 0.208462 0.206151 0.205805 -0.0548137 -0.0551039 -0.0545794 -0.0548449 -0.0545594 -0.0546373 0.205997 -0.0546114 -0.0545454 -0.0545455 -0.0545441 -0.0545451 -0.0545456 -0.0545455 -0.0545456
internal_weight=162.638 123.313 39.3246 118.659 11.0373 107.622 107.128 106.635 106.559 105.049 104.659 90.5166 35.7003 54.8162 41.1594 4.65401 3.02626 37.4927 2.38087 36.2659 4.01943 27.4222 1.7735 35.1385 34.4517 3.36027 2.59706 33.8411 1.98614 32.7717
internal_count=685 193 492 134 52 82 77 71 70 69 66 53 21 32 24 59 37 489 30 474 52 16 23 460 451 44 34 443 26 429
is_linear=0
shrinkage=0.05


Tree=4
num_leaves=30
num_cat=0
split_feature=8 18 12 15 7 0 8 9 19 15 5 4 12 19 16 1 5 0 4 9 4 5 9 9 15 5 15 1 9
split_gain=499.037 72.0358 59.5242 15.0141 42.6506 5.06407 5.04332 2.44302 0.604276 0.0994869 0.0250583 0.00826785 0.000702761 0.000384855 0.000221938 0.000202128 0.000158826 0.000191572 7.92544e-05 5.69745e-05 0.000145123 4.44921e-06 4.2209e-06 3.89218e-09 4.83187e-09 2.64959e-09 1.62792e-09 7.02477e-10 2.07518e-10
threshold=0.013162438292056324 0.31179690361022955 0.48178830742836004 0.66013774275779735 0.28959313035011297 0.82088837027549755 0.13672816380858424 0.00547730177640915 0.50342935323715221 0.61741822957992565 -0.45917475223541254 0.7580803930759431 0.20024937391281131 0.91688811779022228 0.67642807960510265 0.68131244182586681 1.3551879525184634 2.851900696754456 1.6435482501983645 0.0045639211311936387 1.4186315536499026 0.29863417148590093 0.0079331505112350004 0.0034609412541612987 0.48327106237411505 1.0000000180025095e-35 0.36547464132308966 2.2698401212692265 0.0040103129576891669
decision_type=10 2 8 8 10 10 8 10 2 10 8 8 10 2 10 10 10 10 10 10 10 8 10 10 10 8 8 10 10
left_child=1 16 12 5 11 -4 7 -7 -9 10 13 15 18 14 -10 22 19 -18 25 23 21 27 -5 26 -25 -2 -1 -21 -26
right_child=2 -3 3 4 -6 6 -8 8 9 -11 -12 -13 -14 -15 -16 -17 17 -19 -20 20 -22 -23 -24 24 28 -27 -28 -29 -30
leaf_value=-0.054301629248920083 -0.054299119379437821 0.17080907309833532 0.10699787469028706 -0.054484491546493909 0.17237299857495081 0.12700082187334658 -0.054768418863163408 0.18918165645698812 0.17655642253932829 0.17305877860704069 0.17864942234785761 -0.06098447064232998 -0.056276105431994822 0.1769716999923284 0.17681956083103478 -0.055414868898783047 -0.055469159415550279 -0.054301183128026481 -0.054956490317096054 -0.054302200998290688 -0.055188445168955047 -0.054461801814388228 -0.054301037897090391 -0.054298982231072303 -0.054304300107584781 -0.054303291812272052 -0.054304294423355583 -0.054304297029305754 -0.054303083063998531
leaf_weight=0.58353552967309852 0.58324771374463968 3.9107709005475035 2.6932079866528502 0.60026464611291774 7.7538837268948555 2.4002453461289397 0.23544610291719337 10.86938440799713 15.142368674278258 15.376767553389071 28.188728928565979 0.7298176735639571 0.71438091248273838 20.791189670562744 17.019837856292725 0.77624724805355061 0.67691203951835521 0.7293555811047554 0.63818515092134465 1.0213010609149922 0.65674291551113118 0.59856009483337458 0.65640093386173248 0.80194427818059866 0.87576057016849496 1.0944848060607912 31.600328825414181 0.65682011842727672 0.58370111882686615
leaf_count=8 8 4 9 8 7 6 3 6 8 10 15 5 8 11 9 9 8 10 8 14 8 8 9 11 12 15 433 9 8
internal_value=0.114053 -0.0337188 0.164022 0.169405 0.112269 0.174736 0.176394 0.17689 0.178005 0.176746 0.177445 -0.0564194 -0.0549051 0.176804 0.176696 -0.0547805 -0.0543417 -0.0548634 -0.0544822 -0.0543221 -0.0545337 -0.0543448 -0.0543887 -0.0543041 -0.0543021 -0.0543018 -0.0543042 -0.054303 -0.0543038
internal_weight=168.96 42.6957 126.264 123.234 10.5166 112.717 110.024 109.789 107.388 96.5189 81.1421 2.76273 3.0303 52.9534 32.1622 2.03291 38.785 1.40627 2.31592 37.3787 2.93342 2.27668 1.25667 34.4453 2.26141 1.67773 32.1839 1.67812 1.45946
internal_count=687 533 154 115 38 77 68 65 59 53 43 31 39 28 17 26 529 18 31 511 39 31 17 472 31 23 441 23 20
is_linear=0
shrinkage=0.05


Tree=5
num_leaves=31
num_cat=0
split_feature=8 13 18 5 0 4 8 9 12 8 18 5 14 15 1 14 0 10 15 14 14 9 5 11 14 11 5 15 9 3
split_gain=429.565 50.5117 28.9927 17.2018 41.6303 7.71222 4.74085 4.40278 1.45447 0.605265 0.423951 0.200008 0.173935 0.0208043 0.00360555 0.000871365 0.000740857 0.00035499 0.000177873 9.72213e-05 8.77042e-05 1.90258e-05 1.81482e-05 1.78247e-05 6.90804e-06 9.91083e-09 5.0908e-09 2.54221e-09 1.6516e-09 1.5152e-09
threshold=0.011712447740137579 0.53470164537429821 0.35535052418708807 -0.18578508496284482 1.2572923302650454 0.47004961967468267 0.084589526057243361 0.0044648572802543649 0.50793245434761058 0.013352664187550546 0.019239347428083423 -0.45917475223541254 0.25201657414436346 0.61741822957992565 0.8922097682952882 0.65390074253082286 3.049024343490601 0.042356427758932121 0.67972415685653698 0.084983348846435561 -0.28571015596389765 0.006354883313179017 0.81501013040542614 0.44269835948944097 0.34449526667594915 0.19240150600671771 1.3551879525184634 0.3632455468177796 0.0041340435855090627 0.7251882553100587
decision_type=10 10 2 10 10 10 8 10 8 10 2 10 10 10 8 8 8 10 10 10 8 10 10 10 10 8 10 8 10 10
left_child=2 16 17 5 14 -3 7 -7 -9 -10 -11 12 -12 15 18 -14 22 20 -5 29 -1 24 25 -17 26 -2 27 -22 -29 -20
right_child=1 3 -4 4 -6 6 -8 8 9 10 11 -13 13 -15 -16 23 -18 -19 19 -21 21 -23 -24 -25 -26 -27 -28 28 -30 -31
leaf_value=-0.054690396361232345 -0.054075834341849829 -0.058124018073288569 0.12566081382888972 -0.055289626114367621 0.14635554321790595 -0.054886455968987391 -0.055580364887528814 0.18305149109041691 0.17653332293234522 0.14091942102237937 0.15071642592635315 0.16085604940458878 0.155938998209049 0.15828362757447986 -0.05836350867344399 0.15634234581936715 -0.055880098396204197 -0.055439599005147847 -0.054075930706837277 -0.054840426285839051 -0.054073265649363648 -0.054366830076787331 -0.054398586451702084 0.15640897053902672 -0.054251472816430737 -0.054067574862882661 -0.05407294699355232 -0.054076767678352539 -0.054075313776037082 -0.054072347641094545
leaf_weight=0.60743453353643417 1.0453728362917896 0.41739074885845084 2.3932561278343192 0.68034067004919041 10.679670095443724 0.2433072179555883 0.26133625954389472 5.5438392162322989 3.7837712764739981 4.3616169914603224 14.582402460277079 23.974620945751667 16.248851299285899 16.11883008480072 0.85345325618982304 22.311719179153428 0.87713374942541111 0.49768287688493629 0.62723649293184258 0.63657372444868077 0.55723360925912757 0.58591797947883506 0.58386521041393269 18.250921964645386 0.57383576780557533 0.55657157301902782 0.9750947579741468 29.764096714556221 2.09051939100027 0.5571269616484642
leaf_count=8 15 4 4 8 10 3 3 3 2 4 10 13 8 8 8 11 10 6 9 8 8 8 8 9 8 8 14 427 30 8
internal_value=0.106534 0.146211 -0.0428047 0.150601 0.098091 0.156446 0.157158 0.157602 0.158015 0.156854 0.156212 0.15681 0.155701 0.156698 -0.0555573 0.156248 -0.0546525 -0.0541136 -0.0545998 -0.0543421 -0.0540948 -0.0540843 -0.0541599 0.156372 -0.0540795 -0.054073 -0.0540765 -0.0540766 -0.0540767 -0.0540742
internal_weight=181.241 143.196 38.0451 140.133 14.0344 126.099 125.681 125.42 125.177 119.633 115.849 111.487 87.5127 72.9303 3.35473 56.8115 3.06294 35.6518 2.50128 1.82094 35.1541 34.5467 2.18581 40.5626 33.9608 1.60194 33.3869 32.4118 31.8546 1.18436
internal_count=683 170 513 129 51 78 74 71 68 65 63 59 46 36 41 28 41 509 33 25 503 495 31 20 487 23 479 465 457 17
is_linear=0
shrinkage=0.05


Tree=6
num_leaves=31
num_cat=0
split_feature=8 13 0 15 0 7 6 9 12 12 13 8 18 9 15 10 3 18 14 19 2 5 19 5 15 12 19 9 11 0
split_gain=344.129 66.6427 45.4657 4.81974 9.8216 17.0199 6.19623 3.06725 1.4369 2.53796 1.27155 1.2712 0.959568 0.874064 0.250688 0.108355 0.0167494 0.00989284 0.0048857 0.00237821 0.00120415 0.000809761 0.000201753 0.000100418 0.000107397 7.03863e-05 4.40008e-05 1.65582e-05 1.36279e-06 1.43382e-08
threshold=0.0079269409179687517 0.53470164537429821 0.64385235309600841 0.66013774275779735 2.0651667118072514 0.30069218575954443 0.080084040760993971 0.003346225013956428 0.40309585630893713 0.48178830742836004 0.62525090575218212 0.13672816380858424 0.31179690361022955 0.00547730177640915 0.6031283736228944 0.072134710848331465 1.6359581947326662 0.19730725139379504 1.6475685834884646 0.65255051851272594 0.5512889325618745 -1.2185195088386533 0.9118407964706422 1.3551879525184634 0.45807376503944403 0.19344770908355716 0.77975091338157665 0.0060447214636951694 1.8993010520935061 2.9212269783020024
decision_type=10 10 10 10 10 8 10 10 8 8 10 8 2 10 10 8 10 2 8 2 10 10 2 10 10 8 2 10 10 10
left_child=17 21 19 6 5 16 -4 -8 -9 -10 -11 12 13 -12 15 -15 -5 23 20 -3 22 -2 -17 27 -25 29 -21 -1 -28 -23
right_child=1 2 3 4 -6 -7 7 8 9 10 11 -13 -14 14 -16 18 -18 -19 -20 26 -22 25 -24 24 -26 -27 28 -29 -30 -31
leaf_value=-0.053862021515548621 -0.055735934695421874 -0.057209217809374449 -0.057756111596954818 -0.054866541507521405 0.14527815507262651 0.1441205507369773 -0.053860916689274001 0.17241381880638315 -0.061702290011944209 -0.05496800729149004 0.1109855052146248 -0.054959003790949451 0.15237617020496474 0.14545406637308597 0.13529974979466156 0.14078973901796696 -0.064066071199034902 -0.061157527961032188 0.14172429206101569 -0.054391453034395014 0.14040585741665929 -0.053860909635559 0.14102593621373888 -0.054802469483781459 -0.053858035721999167 -0.054354484003666659 -0.053859499576886509 -0.054136582909956057 -0.053955055842766199 -0.053853860387583607
leaf_weight=29.020557187497626 0.77487816661596287 0.77812731266021673 0.38946662843227287 1.0687770918011645 6.3131899833679199 2.1352306380867958 0.19963384419679542 3.8383151292800894 0.15368743240833183 0.082211442291735604 2.5258160904050007 0.082089364528640796 18.514258481562138 16.816306233406078 17.557219326496124 17.083300828933716 0.92126296460628498 0.47488769888877769 17.032072305679307 0.58219822496175799 17.104154109954834 1.9963353350758546 19.204230308532715 0.6055878922343243 0.59851844608783722 0.92690422385931004 1.1974257081747053 0.55971956998109718 0.54201756417751301 1.1294818520545957
leaf_count=436 9 8 4 14 3 2 3 2 1 1 5 1 10 8 11 8 6 4 8 8 8 30 9 8 9 13 18 8 8 17
internal_value=0.0968288 0.128482 0.134603 0.138767 0.106073 0.0460743 0.14138 0.141976 0.142277 0.14136 0.141607 0.141736 0.141864 0.14005 0.140751 0.141848 -0.0591253 -0.0539959 0.140987 -0.054817 0.140752 -0.054255 0.140915 -0.0538854 -0.054333 -0.0539718 -0.0540152 -0.0538672 -0.0538893 -0.0538584
internal_weight=180.208 148.949 144.121 141.021 10.4385 4.12527 130.583 130.193 129.994 126.155 126.002 125.919 125.837 107.323 104.797 87.2401 1.99004 31.2593 70.4238 3.09977 53.3917 4.8276 36.2875 30.7844 1.20411 4.05272 2.32164 29.5803 1.73944 3.12582
internal_count=680 215 146 104 25 22 79 75 72 70 69 68 67 57 52 41 20 465 33 42 25 69 17 461 17 60 34 444 26 47
is_linear=0
shrinkage=0.05


Tree=7
num_leaves=31
num_cat=0
split_feature=8 13 0 15 18 6 9 8 1 12 8 0 12 5 18 19 5 5 10 15 19 0 9 5 10 13 18 7 16 14
split_gain=292.414 56.7709 35.3736 4.36775 14.8349 7.16141 3.42623 1.92729 1.91958 0.876787 0.632513 0.218067 0.134652 0.0479491 0.00845645 0.00190149 0.00155602 0.000751875 6.35864e-05 4.71965e-05 4.1789e-05 1.58799e-05 3.57046e-06 1.1432e-08 9.48915e-09 1.16683e-08 3.76301e-09 2.19104e-09 1.67631e-09 9.17368e-10
threshold=0.0079269409179687517 0.53470164537429821 0.60042887926101696 0.66597792506217968 0.023383523337543014 0.096125721931457533 0.003346225013956428 0.13672816380858424 0.5657758116722108 0.40309585630893713 0.01397939119488001 0.858595371246338 0.98530611395835888 -0.43492414057254786 0.19730725139379504 0.67654240131378185 -1.6741523146629331 -1.2185195088386533 0.019204679876565937 0.67972415685653698 0.92025464773178112 1.5794773101806643 0.0059111199807375678 1.3551879525184634 0.042356427758932121 0.21884992718696597 0.010477269534021618 0.48306147754192358 0.36261305212974554 -0.16709762811660764
decision_type=10 10 10 8 2 10 10 8 10 8 10 10 8 10 2 2 10 10 10 8 2 10 10 10 10 10 2 10 8 8
left_child=14 17 15 5 -5 -4 -7 9 -6 -8 -11 -12 -13 16 18 -3 -14 -2 22 -17 -18 -19 23 28 25 -23 -21 -25 -1 -30
right_child=1 2 3 4 8 6 7 -9 -10 10 11 12 13 -15 -16 19 20 21 -20 26 -22 24 -24 27 -26 -27 -28 -29 29 -31
leaf_value=-0.053656684054668641 -0.055429781903701236 -0.056776739506964359 -0.057999667389562415 -0.05870910568801993 0.14309110771847883 -0.053658765465844915 0.15306101193842428 -0.05422152254243906 0.098121184013432575 0.14268056312320221 0.11998542504097827 0.12397937941580904 0.12945719284608426 0.13192892028247699 -0.060529353987178881 -0.05419637218784961 0.12894006056335669 -0.053948498005939149 -0.054240463557533883 -0.053659108183663817 0.12903768914725111 -0.053658317222831702 -0.053791364204310348 -0.053651805511009357 -0.053650139848494122 -0.053650548685502578 -0.053653907627996003 -0.053656450567826565 -0.053657872303458531 -0.053659631437396743
leaf_weight=0.50804167240859754 0.74105497449636448 0.73476158082485143 0.510055311024188 1.3566832318902005 4.2343268394470197 0.25414594262838264 4.0999228954315177 0.14163528382778068 5.3984207883477211 8.5135106146335584 6.9822794795036307 11.377272129058836 26.52441573143004 19.743672609329238 0.45629610121250053 0.56168169528245959 28.777448654174805 0.53272829204797689 0.48228766769170661 0.88958269357681252 17.704286336898804 2.0329524129629144 0.52132124453782935 0.50745654851198085 0.76088108867406834 0.63413014262914646 0.57117168605327606 0.50801441073417664 0.76227711886167526 26.690791539847854
leaf_count=8 9 8 5 15 2 4 2 2 15 5 5 8 12 9 4 8 13 8 7 14 8 32 8 8 12 10 9 8 12 420
internal_value=0.0869573 0.116895 0.1227 0.126305 0.0960873 0.128969 0.129738 0.130114 0.117889 0.130325 0.129546 0.128539 0.129113 0.129743 -0.0537738 -0.0545983 0.129152 -0.053968 -0.053671 -0.0538069 0.128977 -0.0536945 -0.0536617 -0.0536593 -0.0536551 -0.0536565 -0.0536571 -0.0536541 -0.0536595 -0.0536596
internal_weight=173.514 143.077 138.375 135.618 10.9894 124.629 124.119 123.864 9.63275 123.723 119.623 111.109 104.127 92.7498 30.4365 2.7572 73.0062 4.70175 29.9802 2.02244 46.4817 3.96069 29.4979 28.9766 3.42796 2.66708 1.46075 1.01547 27.9611 27.4531
internal_count=690 215 144 105 32 73 68 64 17 62 60 55 50 42 475 39 33 71 471 31 21 62 464 456 54 42 23 16 440 432
is_linear=0
shrinkage=0.05


Tree=8
num_leaves=31
num_cat=0
split_feature=8 13 0 15 7 1 6 6 16 18 4 6 10 4 18 18 18 18 5 7 5 11 12 15 18 0 14 1 15 18
split_gain=258.697 49.655 28.1232 5.39436 10.77 15.0092 4.47554 1.24944 0.811653 0.547248 0.306641 0.0856012 0.0884282 0.0114338 0.00718512 0.00151774 0.00128654 0.000641087 0.000594868 0.000354292 7.07493e-05 0.000148127 5.77604e-05 3.90891e-05 3.16694e-06 1.27767e-08 1.81783e-09 1.54044e-09 1.04257e-09 9.74385e-10
threshold=0.0079269409179687517 0.53470164537429821 0.60042887926101696 0.65570455789566051 0.30205073952674871 0.42249934375286108 0.080084040760993971 0.087747775018215193 0.51994696259498607 0.22868979722261432 0.56620126962661754 0.14329930394887927 0.06912586092948915 0.89312493801116954 0.19730725139379504 0.064489923417568221 0.092303197830915465 0.11933107301592828 -1.2185195088386533 0.22347870469093326 1.0126084685325625 0.19091206043958667 0.20024937391281131 0.68344128131866466 0.14793338626623156 3.0374819040298466 -0.16709762811660764 0.35091605782508856 0.45807376503944403 0.11625133827328683
decision_type=10 10 10 8 10 10 10 10 8 2 10 10 10 10 2 2 2 2 10 10 10 8 10 8 2 8 8 10 10 2
left_child=14 18 17 6 5 -5 -4 -8 -9 10 -10 -12 -13 15 20 -7 19 23 -2 -14 24 28 25 -3 26 29 -1 -25 -22 -20
right_child=1 2 3 4 -6 13 7 8 9 -11 11 12 16 -15 -16 -17 -18 -19 22 -21 21 -23 -24 27 -26 -27 -28 -29 -30 -31
leaf_value=-0.053465886822142289 -0.055141326817749386 -0.053975386285902816 -0.056945401532786592 0.11994316162961911 0.12474268619559351 -0.05424148602512268 0.15945894446581441 0.10387343927753737 0.10914566250589688 0.12739646041609295 0.1161839443584539 0.12380234448521843 0.11965363755761174 -0.062953521943450261 -0.059940781460420867 -0.057192472519611987 0.11996054464219395 -0.055469754048704779 -0.053467552630376995 0.11936844805993377 -0.053462825542707627 -0.054520186201794656 -0.053945920843650491 -0.053464305109015231 -0.053595523405139248 -0.053459740085683841 -0.053468324800841772 -0.053467886754629317 -0.053466104645576121 -0.053465244568101346
leaf_weight=0.78808655217289925 0.70850749313831318 0.53637145087122839 0.35708755999803443 2.2666354179382306 6.7858631983399391 1.0355963483452799 2.0069699287414542 7.6274665631353846 7.2401135563850394 24.402639150619507 13.844257384538649 15.743906661868094 18.14534592628479 0.717869572341442 0.43819603323936362 0.75218961387872685 20.398486852645874 0.62956589832901944 1.4555381052196028 27.236487865447998 0.48460340872406837 0.50547020509839069 0.78514735028147686 0.48478291556239128 0.4979894831776609 0.9079226329922675 25.658844143152251 0.78848247230052948 0.48500310629606247 0.66673533990979184
leaf_count=13 9 8 4 1 5 15 1 14 6 11 7 8 8 5 4 8 9 8 24 12 8 7 12 8 8 15 423 13 8 11
internal_value=0.0839026 0.109414 0.114305 0.11707 0.0842669 0.0267132 0.119837 0.120299 0.119715 0.120666 0.119066 0.119819 0.120436 -0.0576234 -0.053587 -0.0554831 0.119631 -0.0540955 -0.0538108 0.119482 -0.0534891 -0.0538262 -0.0535637 -0.0536173 -0.0534706 -0.0534647 -0.0534683 -0.0534665 -0.0534645 -0.0534668
internal_weight=184.382 155.524 151 148.561 11.5582 4.77229 137.003 136.646 134.639 127.011 102.609 95.3685 81.5242 2.50566 28.8582 1.78779 65.7803 2.4392 4.52385 45.3818 28.42 1.47508 3.81534 1.80964 26.9449 3.0302 26.4469 1.27327 0.969607 2.12227
internal_count=693 222 151 114 34 29 80 76 75 61 50 44 37 28 471 23 29 37 71 20 467 23 62 29 444 50 436 21 16 35
is_linear=0
shrinkage=0.05


Tree=9
num_leaves=31
num_cat=0
split_feature=9 10 18 15 5 4 5 12 10 6 13 18 10 4 20 6 14 18 12 10 15 4 5 14 10 6 18 18 4 12
split_gain=220.981 26.1926 22.7087 18.6574 7.63672 3.28439 1.5011 6.62662 11.3967 5.43163 3.83963 0.346132 0.460492 0.0406759 0.0114133 0.00673773 0.00450728 0.00294356 0.00245199 0.000969309 0.000574233 9.46006e-05 4.52979e-05 3.2241e-05 2.60735e-05 4.66639e-05 2.21204e-06 2.65369e-07 7.38721e-07 2.43134e-08
threshold=0.0044648572802543649 0.01546991663053632 0.35535052418708807 0.62369990348815929 0.041628345847129829 1.5921105146408083 -0.19767594337463376 2.3127890825271611 0.19053936004638675 0.093160636723041548 0.53470164537429821 0.023383523337543014 0.066478218883276 0.63277459144592296 0.54232415556907665 0.14079418033361438 0.30367042124271398 0.20507160574197772 1.4166483879089358 0.039422288537025459 0.55852121114730846 1.0506441593170168 -0.041116580367088311 -0.28571015596389765 0.01836439780890942 0.13885121792554858 0.01107695745304227 0.13098435848951342 0.44640743732452398 2.3272595405578618
decision_type=10 8 2 8 8 10 10 10 10 10 10 2 8 10 2 10 10 2 10 10 10 10 10 8 10 10 2 2 10 10
left_child=2 3 19 4 5 -2 9 8 15 -3 -11 -12 -13 -14 -15 -8 17 21 -16 23 -20 22 -5 -1 27 -26 -24 29 -29 -25
right_child=1 6 -4 16 -6 -7 7 -9 -10 10 11 12 13 14 18 -17 -18 -19 20 -21 -22 -23 26 24 25 -27 -28 28 -30 -31
leaf_value=-0.053732148258973336 0.055167751424334194 -0.055470718069329419 0.10373716329252801 -0.053853101837694851 -0.055196669678698851 0.11888786348096672 -0.060632404544613383 0.11738391999941591 0.11282228864728289 -0.054654779810265092 0.10451489690824683 0.12026939016250218 0.11431406682888322 0.11037482159531398 0.11234411108389758 -0.054324826080177947 -0.058869203132182336 -0.057619229655786801 0.11150222826989271 -0.055097069011445211 0.11184700625750808 -0.054148067067265639 -0.053412487529008006 -0.053287675593744491 -0.05328418387140698 -0.053925521174003038 -0.053278255431695933 -0.053360407619995665 -0.053280534311543573 -0.053276096033099712
leaf_weight=0.43599696457386017 3.5977653264999336 0.48498612269759078 2.4979602694511405 0.58490766584873188 1.0024493746459491 4.6180793792009354 0.92314333468675502 9.1106941699981672 2.3009719848632812 0.34403018653392692 12.021341141313313 20.336679220199592 16.048353672027588 16.225014112889767 18.422490358352661 0.78204348310828209 0.67101891711354245 0.57331775501370419 25.368922710418701 0.77565041184425254 23.049131631851196 0.74918503314256657 0.47535494714975557 25.008588582277319 0.75187059864401706 0.45542801916599274 0.86615961045026779 0.47100055217742809 0.75112110376358032 0.46168616414070029
leaf_count=7 18 6 3 9 15 4 9 4 1 5 9 9 7 8 8 12 6 6 11 10 10 11 8 432 13 7 15 8 13 8
internal_value=0.0797773 0.103843 -0.040939 0.0362334 0.0750879 0.0909845 0.109951 0.0938177 0.0402241 0.111551 0.112165 0.112602 0.113416 0.11201 0.111564 -0.0577396 -0.0551385 -0.054368 0.111853 -0.0533532 0.111666 -0.0536713 -0.0534859 -0.0533055 -0.0532988 -0.0535261 -0.0533258 -0.0532886 -0.0533113 -0.0532875
internal_weight=190.165 158.556 31.6093 13.1382 9.21829 8.21584 145.418 13.1169 4.00616 132.301 131.816 131.472 119.451 99.1139 83.0656 1.70519 3.91994 3.24893 66.8405 29.1113 48.4181 2.67561 1.92642 28.3357 27.8997 1.2073 1.34151 26.6924 1.22212 25.4703
internal_count=692 191 501 92 37 22 99 26 22 73 67 62 53 44 37 21 55 49 29 498 21 43 32 488 481 20 23 461 21 440
is_linear=0
shrinkage=0.05


Tree=10
num_leaves=31
num_cat=0
split_feature=8 4 13 6 0 9 8 18 12 9 3 0 18 12 4 9 15 18 0 14 18 15 9 19 9 14 18 11 14 18
split_gain=200.372 42.4808 32.1203 10.5991 2.61885 1.91378 0.879871 0.832579 0.781842 0.527074 0.191731 0.235538 0.182221 0.0786139 0.00427934 0.00148189 0.00117656 0.00106771 0.000275088 0.000173429 6.31804e-05 5.543e-05 7.29408e-05 1.20836e-05 2.91931e-06 3.3456e-06 1.62204e-06 1.19453e-06 3.79e-07 4.3303e-08
threshold=0.0079269409179687517 0.47004961967468267 0.53470164537429821 0.093160636723041548 0.60042887926101696 0.003346225013956428 0.13672816380858424 0.015866636298596862 0.09968243166804315 0.0048660880420356998 1.4374785423278811 1.4539139866828921 0.16826795786619189 0.94000694155693065 0.35499350726604467 0.0064507678616791972 0.57664844393730175 0.1408229544758797 3.6074261665344243 0.076336700469255461 0.01107695745304227 0.3778196126222611 0.0016716894460842016 0.89300271868705761 0.0044648572802543649 -0.04310259968042373 0.059267282485961921 1.5538024902343752 0.032818008214235313 0.14793338626623156
decision_type=10 10 10 10 10 10 8 2 8 10 10 10 2 8 10 10 10 2 8 8 2 8 10 2 10 10 2 10 10 2
left_child=15 14 18 -4 -5 -6 7 -7 -9 -10 12 -12 -11 -13 17 21 -15 19 20 26 -3 22 -1 -22 29 -26 27 -2 -25 -23
right_child=1 2 3 4 5 6 -8 8 9 10 11 13 -14 16 -16 -17 -18 -19 -20 -21 23 24 -24 28 25 -27 -28 -29 -30 -31
leaf_value=-0.053114236440114572 -0.05318961646954587 -0.0537684012717922 -0.056070063736842694 -0.056131895909829435 -0.053644917036161088 0.085672979540804606 -0.055212532128489915 -0.054510772413566999 0.084422095250723472 0.10668407269426988 0.099174767703672118 0.10897486445959553 0.11284272911328337 0.10501049030424026 -0.057508680839025654 -0.055992982470408396 0.10545294350757289 -0.055850970135011918 -0.054487703282482924 -0.054013433334345266 -0.053398921955342009 -0.053117024543046787 -0.053971848242232549 -0.053106132525467142 -0.053109653141224025 -0.053302021434321882 -0.053245438638574033 -0.053107183534311722 -0.053160730478257701 -0.053101189346693771
leaf_weight=0.55194951221347455 0.73113735392689649 0.61753022298216809 1.0321552529931057 0.25273610651492973 0.18998595327138801 5.2554083280265322 0.085495546460150673 0.075902469456194832 2.7766820937395087 34.80637264251709 14.435194075107573 18.482529878616333 18.338906049728394 27.909164905548096 0.94741433486342419 0.46172276884317298 32.547608137130737 0.51063914969563473 0.62636725604534138 0.80723392590880472 0.52781582996249232 23.255450472235687 0.45011850446462631 1.1013536751270292 0.44098502397537231 0.46366323903202911 0.4561091549694537 1.1016772985458372 0.44680110737681378 0.43989556655287643
leaf_count=10 13 10 12 3 3 6 1 1 6 15 9 8 8 12 11 6 14 6 9 12 9 421 7 20 8 8 8 20 8 8
internal_value=0.0755958 0.0960546 0.100354 0.103625 0.104687 0.10495 0.105144 0.105233 0.105921 0.106003 0.106412 0.105047 0.108809 0.106121 -0.0545182 -0.0531856 0.105249 -0.0537327 -0.0535439 -0.0533833 -0.0533244 -0.0531349 -0.0534995 -0.0531923 -0.0531201 -0.0532082 -0.0531611 -0.0531401 -0.0531219 -0.0531167
internal_weight=190.126 164.062 159.508 156.188 155.156 154.903 154.713 154.628 149.372 149.296 146.52 93.3745 53.1453 78.9393 4.55421 26.0638 60.4568 3.6068 3.31987 3.09616 2.6935 25.6021 1.00207 2.07597 24.6 0.904648 2.28892 1.83281 1.54815 23.6953
internal_count=692 224 154 98 86 83 80 79 73 72 66 43 23 34 70 468 26 59 56 53 47 462 17 37 445 16 41 33 28 429
is_linear=0
shrinkage=0.05


Tree=11
num_leaves=31
num_cat=0
split_feature=9 18 10 20 13 10 4 15 4 19 15 16 18 14 10 8 5 14 21 3 2 10 14 8 8 10 8 1 11 9
split_gain=182.376 21.4946 18.2227 20.2021 5.76242 3.72673 12.9436 2.84053 1.7299 1.00226 0.198704 0.108956 0.0459367 0.0112126 0.00332546 0.00196438 0.00244543 0.00152634 0.00135638 0.000476819 0.000443869 0.00018439 8.1019e-05 2.58248e-05 1.92898e-05 1.89605e-05 4.82422e-06 4.75559e-06 1.7488e-06 1.28961e-06
threshold=0.0048660880420356998 0.35535052418708807 0.037395525723695762 0.55510985851287853 0.53470164537429821 0.01546991663053632 0.13971864432096484 0.27972273528575903 0.47004961967468267 0.33054736256599432 0.61741822957992565 0.63198912143707286 0.16826795786619189 0.34449526667594915 0.19504356384277347 0.022276242263615135 0.021635562181472782 0.39011396467685705 0.093750000000000014 1.9111041426658633 0.84800618886947643 0.044187704101204879 -0.28571015596389765 0.014730708207935097 0.008946291636675598 -0.0081121763214468939 0.010339967440813782 2.1292741298675542 0.10457975417375566 0.0043905598577111968
decision_type=10 2 8 2 10 10 10 10 10 2 10 8 2 10 8 8 10 10 2 10 10 10 8 10 10 10 10 10 10 10
left_child=1 17 3 5 -4 6 -2 -6 -9 -10 11 -11 15 -13 19 24 -17 21 20 -15 -8 22 -1 26 28 -26 29 -28 -5 -24
right_child=2 -3 4 12 7 -7 18 8 9 10 -12 13 -14 14 -16 16 -18 -19 -20 -21 -22 -23 23 -25 25 -27 27 -29 -30 -31
leaf_value=-0.053591219326713527 0.12440501764015786 0.10284667638964239 -0.053891204462329784 -0.053085204953465283 -0.053500338105561797 0.10971891479727464 -0.053603565443626017 -0.053520263001387208 0.11974791782826254 0.10341261696502745 0.095210583222926845 0.10092718889342539 -0.068886328842990882 0.099535852851138598 0.098842272956423727 -0.057536417546142207 -0.053130952361211785 -0.05535563782769623 -0.057463460459258923 0.099868135819952034 -0.055586172180873278 -0.054081920136547328 -0.052956673866315675 -0.053343907351373038 -0.053535165334671203 -0.053128553843921122 -0.053167555118706966 -0.052952093382782443 -0.052946451852318201 -0.053043842049906025
leaf_weight=0.53401072695851326 2.2413713932037336 2.4007946103811255 0.60854756832122703 0.43681657314300748 0.29942864179611106 4.7012074701488018 0.54959093034267403 0.18163909763097663 6.6860475540161124 27.853119373321533 19.286672852933407 16.310988426208496 0.62729271501302708 25.641185760498054 16.397978007793419 0.7446955069899539 0.54591991379857063 0.70369392260908981 0.66837253049015988 18.648348808288574 0.58048023656010628 0.38615661859512229 24.405578371137405 0.45177258923649688 0.54483157768845358 0.60514057800173937 0.55738969892263301 0.47377802059054375 0.47297274693846703 0.43181794136762519
leaf_count=9 1 2 10 8 5 4 9 3 3 12 12 7 6 11 8 8 10 9 7 8 7 6 463 8 9 11 10 9 9 8
internal_value=0.070721 -0.040722 0.0941025 0.0369458 0.0996134 0.0794547 0.0442357 0.100325 0.100676 0.10089 0.0998748 0.100733 -0.0564685 0.0997634 0.0994506 -0.0541435 -0.0556729 -0.0530565 -0.055678 0.0996758 -0.054622 -0.0529971 -0.0529815 -0.0529691 -0.0531851 -0.0533212 -0.0529626 -0.0530686 -0.0530131 -0.0529582
internal_weight=174.978 30.345 144.633 12.7187 131.914 8.74102 4.03982 131.305 131.006 130.824 124.138 104.852 3.97767 76.9985 60.6875 3.35038 1.29062 27.9442 1.79844 44.2895 1.13007 27.2405 26.8543 26.3203 2.05976 1.14997 25.8686 1.03117 0.909789 24.8374
internal_count=692 524 168 89 79 28 24 69 64 61 58 46 61 34 27 55 18 522 23 19 16 513 507 498 37 20 490 19 17 471
is_linear=0
shrinkage=0.05


Tree=12
num_leaves=31
num_cat=0
split_feature=13 0 9 10 2 11 9 4 18 6 10 3 5 6 17 4 1 19 18 9 5 15 14 18 12 5 10 5 18 9
split_gain=164.35 38.0106 16.4998 1.80651 6.90431 12.4653 3.58049 2.45858 1.39105 0.64053 0.253333 0.0506745 0.0284121 0.0236362 0.0114587 0.0049315 0.00325115 0.00175136 0.000814744 9.20546e-05 0.000136024 7.6438e-05 7.35997e-05 2.72636e-05 1.09781e-05 2.53532e-06 3.04647e-06 6.62856e-07 6.6029e-07 7.21045e-08
threshold=0.53470164537429821 0.60042887926101696 0.003346225013956428 0.01546991663053632 1.3062299489974978 0.71099957823753368 0.0048660880420356998 0.47004961967468267 0.015866636298596862 0.10187665000557901 0.047293392941355712 1.1872419714927676 -0.26971822977066034 0.14079418033361438 0.76007294654846203 0.74856567382812511 1.1540927886962893 0.50342935323715221 0.092303197830915465 0.0036448548780754213 -1.1544392704963682 0.63339656591415416 0.078547012060880675 0.015596361830830576 0.15355463325977328 -0.028737694025039669 -0.048101313412189477 -0.041116580367088311 0.010023576673120262 0.0064507678616791972
decision_type=10 10 10 8 10 10 10 10 2 10 10 10 8 10 10 8 8 2 2 10 8 10 8 2 8 10 10 10 2 8
left_child=16 17 23 4 5 -4 -5 -8 -9 -10 -11 -12 -7 -13 18 -14 -1 -2 -15 -18 -21 -19 24 -3 25 26 -22 -23 -27 -30
right_child=1 2 3 6 -6 12 7 8 9 10 11 13 15 14 -16 -17 19 21 -20 20 22 27 -24 -25 -26 28 -28 -29 29 -31
leaf_value=-0.056672747404461168 -0.05571528087057348 -0.052801595238351068 0.10720220377161215 -0.056112196649480361 0.10575361017850347 -0.068982501586018263 -0.057455296845445938 0.062153257761395769 0.10986062551744671 0.10214467546175257 0.097488156630081424 0.093258033944113722 -0.053835141277531029 0.094839623175025797 0.096425956831453247 -0.059550163538905833 -0.052802760876558642 -0.053484322864970527 0.095200164554535852 -0.053832855584431641 -0.053006025631522527 -0.052868205491037892 -0.053545205220095926 -0.053190834351084876 -0.053109672240385208 -0.052864066731309937 -0.052824625639192629 -0.052800462642431392 -0.052798979142123149 -0.052774310394938045
leaf_weight=0.57060683518648403 0.6369326189160337 1.2058450505137432 2.320559501647951 0.38687199354171653 7.1936917006969452 0.59013222903013229 0.25991712138056655 2.8992824107408515 9.2551995702087861 16.258172035217285 25.5363929271698 16.445242881774902 0.94509046897292148 32.538031101226807 18.610066413879395 0.62849033623933803 18.395980518311266 0.47561331838369403 30.224644184112549 0.50248323008418083 0.42689145356416702 0.40935195237398181 0.46703404560685191 0.71758927777409542 0.43322019651532162 0.40885857865214226 0.50555486604571442 3.0637372359633446 1.1546373106539245 0.39843121543526661
leaf_count=8 8 24 1 4 8 4 3 4 7 7 11 8 15 14 8 5 366 8 13 8 8 8 8 13 8 8 10 61 23 8
internal_value=0.0717232 0.0887234 0.0926459 0.0943525 0.0753996 0.0267054 0.0958046 0.0961912 0.0964544 0.0971224 0.096278 0.0955047 -0.0596265 0.0949869 0.0953363 -0.0561177 -0.0529452 -0.0532823 0.0950132 -0.0528514 -0.0530598 -0.0528899 -0.0529574 -0.0529468 -0.0528749 -0.0528398 -0.0529077 -0.0528084 -0.0528075 -0.0527927
internal_weight=193.865 170.601 166.015 164.092 11.678 4.48427 152.414 152.027 151.767 148.868 139.613 123.354 2.16371 97.818 81.3727 1.57358 23.2637 4.58564 62.7627 22.6931 4.29711 3.9487 3.79463 1.92343 3.32759 2.89437 0.932446 3.47309 1.96193 1.55307
internal_count=689 234 149 112 33 25 79 75 72 68 61 54 24 43 35 20 455 85 27 447 81 77 73 37 65 57 18 69 39 31
is_linear=0
shrinkage=0.05


Tree=13
num_leaves=31
num_cat=0
split_feature=9 10 15 8 10 15 12 14 21 6 10 18 20 0 8 10 6 5 6 2 14 14 8 9 10 9 8 12 5 20
split_gain=160.498 12.1503 13.951 6.89461 1.92188 1.29376 5.72163 3.67949 0.264529 0.0502656 0.0307788 0.00360784 0.00227423 0.00122079 0.000977706 0.000883769 0.000449893 0.000190548 3.6383e-05 1.97441e-05 1.91296e-05 6.38379e-06 2.1112e-06 2.84241e-06 5.79009e-07 4.32621e-08 1.59583e-08 3.78513e-09 3.47204e-09 1.31839e-09
threshold=0.0044648572802543649 0.017069181427359584 0.62369990348815929 0.013352664187550546 -0.016525300219655033 0.64646530151367199 0.36196315288543707 0.081923011690378203 0.093750000000000014 0.14329930394887927 0.072134710848331465 0.17355674505233767 0.39503119885921484 1.1703590750694277 0.025401378050446514 0.039422288537025459 0.15255029499530795 -0.16249626874923703 0.2065706551074982 2.1017581224441533 -0.28571015596389765 0.30367042124271398 0.010339967440813782 0.0032255786936730151 -0.039522519335150712 0.0067502260208129891 0.0079269409179687517 0.39696466922760015 1.3551879525184634 0.92775416374206554
decision_type=10 8 8 10 8 8 8 10 2 10 10 2 2 10 10 10 10 8 10 10 8 10 10 10 8 10 10 10 10 2
left_child=11 2 3 17 -5 6 -3 -7 9 -8 -11 15 -4 -12 -15 20 -14 -2 19 -18 -1 22 24 -24 -22 -20 28 -28 29 -26
right_child=1 5 12 4 -6 7 8 -9 -10 10 13 -13 16 14 -16 -17 18 -19 25 -21 21 -23 23 -25 26 -27 27 -29 -30 -31
leaf_value=-0.052991044313027272 -0.054129617691094804 -0.053507733752674737 -0.056410347044655362 0.10480575089971 0.055080591408623106 0.034176789583360324 0.087945438607184179 0.092047321484955258 0.096211839836458701 0.093233861767577531 0.090668168186370843 -0.05755701909028757 -0.05448252496950548 0.090845410379820135 0.09130790884546798 -0.054436378739207696 -0.053337115966253248 -0.05274495172633531 -0.052656737817431014 -0.052856719144319254 -0.052716690005223943 -0.052852065043348342 -0.052836382246210484 -0.052656362965078453 -0.052659157232134636 -0.052633601909161824 -0.052654915856283693 -0.052648379214454949 -0.052655532528802333 -0.052656973761133874
leaf_weight=0.46470128372311592 0.42900761216878891 0.67654234915971656 0.79828216135501984 4.8008735552430153 3.2645057998597604 3.8756944946944705 11.791765935719011 9.4291609525680524 32.23969554901123 18.518698453903198 25.370007991790771 0.39335858076810737 0.59964672848582301 20.766457319259644 25.40753960609436 0.7338942289352407 0.45794757455587365 0.59037355706095407 0.43117472529411316 0.40131789073348045 0.43880747631192207 0.45604461431503196 0.40438230708241363 0.47902194783091545 18.17211474478248 0.38025099411606789 0.52666455879807372 0.38217813149094582 0.71833084151148696 0.71868044137954612
leaf_count=9 7 12 9 4 14 18 8 7 14 8 11 5 9 9 11 11 8 12 9 8 9 9 8 10 379 8 11 8 15 15
internal_value=0.0680946 0.0861198 0.0380595 0.0691938 0.0846792 0.0900643 0.0915328 0.0751897 0.0922646 0.0910152 0.0914171 -0.0528081 -0.0541148 0.0909468 0.0910999 -0.0527286 -0.0533077 -0.0533277 -0.052886 -0.0531127 -0.0526735 -0.0526669 -0.0526631 -0.0527388 -0.0526599 -0.0526459 -0.0526586 -0.0526522 -0.0526589 -0.0526591
internal_weight=184.117 160.229 12.1534 9.08476 8.06538 148.076 134.771 13.3049 134.094 101.854 90.0627 23.8882 3.06862 71.544 46.174 23.4948 2.27034 1.01938 1.67069 0.859265 22.7609 22.2962 21.8402 0.883404 20.9568 0.811426 20.518 0.908843 19.6091 18.8908
internal_count=675 186 88 37 18 98 73 25 61 47 39 489 51 31 20 484 42 19 33 16 473 464 455 18 437 17 428 19 409 394
is_linear=0
shrinkage=0.05


Tree=14
num_leaves=31
num_cat=0
split_feature=9 15 7 11 5 14 21 13 2 13 12 12 4 11 18 15 13 14 18 11 9 14 2 19 14 14 8 18 11 11
split_gain=148.833 9.48418 15.9098 2.45029 2.13816 8.33239 13.2951 0.509323 0.633634 0.131726 0.0855194 0.0535154 0.0322082 0.00825668 0.00306749 0.00176723 0.00121331 0.00109704 0.000360188 9.86625e-05 8.29971e-05 9.88121e-05 5.77522e-05 2.40556e-05 1.67622e-05 2.94016e-06 2.60786e-06 4.05119e-06 2.1569e-06 7.06832e-07
threshold=0.0048660880420356998 0.66678112745285045 0.30205073952674871 1.7788798809051516 -0.30101299285888666 0.69687455892562877 0.53125000000000011 0.68046435713768016 0.88418093323707592 1.1274673342704775 1.447022080421448 1.3843340277671816 0.74856567382812511 0.87127256393432628 0.19151874631643298 0.51092714071273815 1.7371448278427126 0.39011396467685705 0.12263074144721033 0.23039329797029498 0.0036448548780754213 0.065857388079166426 0.48892760276794439 0.8954446315765382 -0.28571015596389765 -0.0059497384354472152 0.0090823811478912848 0.067201606929302229 1.6020112037658694 0.069876436144113555
decision_type=10 8 10 10 10 10 2 10 10 10 8 10 10 8 2 10 10 10 2 8 10 8 10 2 8 10 10 2 10 10
left_child=14 4 12 -4 7 6 10 -2 9 -9 13 -11 18 19 17 -13 -17 20 22 25 24 23 28 -22 -1 -6 -26 -28 -3 -25
right_child=1 2 3 -5 5 -7 -8 8 -10 11 -12 15 -14 -15 -16 16 -18 -19 -20 -21 21 -23 -24 29 26 -27 27 -29 -30 -31
leaf_value=-0.052837380020190151 0.072916507321563392 -0.052701455496534835 0.04279398604833004 0.098633429433579695 -0.052511573316974418 0.090264841114430588 0.10322664165909919 0.082781819527515704 0.097397323779571124 0.090395520866998341 -0.078633202287708953 0.087031097462451634 -0.063579310792144586 -0.059090777470427028 -0.057169724809797089 0.087274150370015333 0.087850387849996756 -0.054610108249915169 -0.054492529206641618 -0.053503361070130206 -0.052997078311191305 -0.053520977817132491 -0.053275510450851604 -0.05259851710193713 -0.052522541531274662 -0.052681167163169874 -0.05251523322893395 -0.052719281775326025 -0.052537103728224399 -0.052512003892314509
leaf_weight=0.44329060986638069 5.226807974278926 0.38606999069452219 3.3958800211548787 4.6612656116485596 0.54649184644222382 13.756425857543944 2.328803539276123 14.056052748113869 18.329689264297485 18.396467924118042 0.4669281169772147 27.350820541381836 1.3011326417326925 0.83944931626319874 0.37664174661040206 18.252022504806519 18.287999153137207 0.67326802760362525 0.47183146327733982 0.41641082242131244 0.41231957077979942 0.45570146664977063 0.56903431564569473 0.37490854039788224 19.340026438236254 0.48004382476210783 0.54720935970544715 0.43792099505662918 0.41337380558252335 0.63766608759760857
leaf_count=9 13 8 22 2 12 6 1 9 8 8 4 12 9 8 5 8 8 10 7 7 8 8 10 8 423 10 12 9 9 14
internal_value=0.0637432 0.0821476 0.0378855 0.0750985 0.0857204 0.070059 0.0153224 0.0881806 0.0888763 0.0872551 -0.0591366 0.0880193 -0.0575582 -0.055148 -0.0526934 0.087335 0.0875626 -0.0526211 -0.0533012 -0.0528542 -0.052562 -0.0528801 -0.0528905 -0.0526751 -0.0525332 -0.0525909 -0.0525266 -0.0526059 -0.0526165 -0.052544
internal_weight=173.632 149.933 11.1986 8.05715 138.734 18.8346 5.07813 119.9 114.673 96.3434 2.74932 82.2873 3.14144 2.2824 23.699 63.8908 36.54 23.3223 1.84031 1.44295 22.649 1.8806 1.36848 1.42489 20.7684 1.02654 20.3252 0.98513 0.799444 1.01257
internal_count=687 181 67 24 114 48 42 66 53 45 41 36 43 37 506 28 16 501 34 29 491 38 27 30 453 22 444 21 17 22
is_linear=0
shrinkage=0.05


Tree=15
num_leaves=31
num_cat=0
split_feature=8 13 0 15 7 0 8 9 6 6 8 9 18 4 12 4 18 20 17 17 5 18 9 14 5 9 9 12 10 10
split_gain=125.561 22.8848 14.8272 1.37824 3.65667 10.2474 1.64234 1.14571 0.87094 1.00223 0.468365 5.93159 0.298792 0.183557 0.0141667 0.01201 0.00474501 0.000959124 0.000572982 0.000167482 0.000124884 0.000100086 6.56645e-05 5.31947e-05 3.4215e-05 3.5471e-05 1.71158e-05 2.17076e-05 8.03411e-06 7.8366e-06
threshold=0.0079269409179687517 0.53470164537429821 0.60042887926101696 0.66013774275779735 0.30205073952674871 2.2937577962875371 0.13672816380858424 0.003346225013956428 0.080084040760993971 0.087747775018215193 0.013528712559491398 0.00547730177640915 0.22868979722261432 0.58802539110183727 1.0096702575683596 0.74856567382812511 0.19730725139379504 0.45189973711967474 0.6561880111694337 0.72134631872177135 -1.1544392704963682 0.034048175439238555 0.0059111199807375678 0.065857388079166426 1.3551879525184634 0.0018344159470871093 0.0041340435855090627 0.18052866309881213 -0.00050336519780103106 0.01546991663053632
decision_type=10 10 10 8 10 10 8 10 10 10 10 10 2 10 10 8 2 2 10 10 8 2 10 10 10 10 10 10 10 10
left_child=16 20 17 6 5 15 7 -4 -9 -10 -11 -12 13 -13 -15 21 22 -3 -16 -20 -2 -5 24 29 -1 -26 -22 28 -28 -19
right_child=1 2 3 4 -6 -7 -8 8 9 10 11 12 -14 14 18 -17 -18 23 19 -21 26 -23 -24 -25 25 -27 27 -29 -30 -31
leaf_value=-0.05239860476465992 -0.053532699555284106 -0.055084944431882922 -0.052793656520822574 -0.052741758924055748 0.088821433679416362 0.10011059345822254 -0.05427539956900778 -0.056978827362128032 0.11833443122250081 0.095712201363830171 -0.067811752273344322 0.077857507206267884 0.089795143000911015 0.085716166499034047 0.083920123337956287 -0.061309893169197854 -0.058233165631491973 -0.05238886954873824 0.084158690132213387 0.084321757454739563 -0.052386830052204736 -0.053699192022641756 -0.053138943231963401 -0.053188767832300893 -0.052390572642438939 -0.053054424755737385 -0.052683740068037235 -0.052986309224611665 -0.052460866713668092 -0.052673824645503478
leaf_weight=18.777307242155086 0.3970363587141037 0.58640483021736045 0.15034894645213981 0.53510232642292754 7.0698481425642967 2.3310782909393311 0.2114792987704267 0.10747944563627143 2.2751221656799308 9.3580981492996198 0.63915758579969306 11.810240775346754 25.056791067123413 18.111165046691895 17.962993860244751 0.79443738609552395 0.35781942307948966 0.65278751403093316 31.478200435638428 31.506444931030273 0.78273711353540409 0.55718164891004562 0.31591501832008262 0.37565582245588292 0.39192945882677932 0.41352954506874084 0.86677370220422834 0.41152548417448986 0.7579331956803792 0.38274148851633072
leaf_count=430 7 8 3 11 5 1 3 1 1 5 5 8 11 8 8 6 4 15 14 14 18 9 6 7 9 8 18 8 17 8
internal_value=0.0649619 0.0793708 0.0819935 0.0836841 0.0668404 0.0299958 0.084963 0.0851614 0.0853012 0.0854044 0.084891 0.0841495 0.084864 0.0837496 0.0844521 -0.0566323 -0.0525264 -0.0533853 0.0841692 0.0842403 -0.0527025 -0.0532302 -0.0524238 -0.0526791 -0.0524123 -0.0527314 -0.0525855 -0.0526619 -0.0525798 -0.0524942
internal_weight=185.425 165.169 161.953 159.955 11.2876 4.2178 148.668 148.456 148.306 148.198 145.923 136.565 135.926 110.869 99.0588 1.88672 20.2565 1.99759 80.9476 62.9846 3.21601 1.09228 19.8987 1.41118 19.5828 0.805459 2.81897 2.03623 1.62471 1.03553
internal_count=676 219 151 113 32 27 81 78 75 74 73 68 63 52 44 26 457 38 36 28 68 20 453 30 447 17 61 43 35 23
is_linear=0
shrinkage=0.05


Tree=16
num_leaves=31
num_cat=0
split_feature=8 4 12 6 0 6 6 13 9 1 8 18 9 8 17 19 4 9 18 17 13 4 10 14 18 14 10 2 9 7
split_gain=114.041 22.6259 18.9291 3.1071 1.41556 0.784744 1.14127 0.593923 1.03317 0.431278 0.589558 0.334586 0.23533 0.08077 0.0333152 0.00344558 0.00325713 0.000648228 0.000530749 0.00039046 0.000162716 0.000133052 0.000125579 9.67704e-05 2.15841e-05 1.60989e-05 5.84551e-06 4.49369e-06 2.89139e-06 3.95733e-06
threshold=0.0084337433800101298 0.47004961967468267 0.28138551115989691 0.080084040760993971 0.60042887926101696 0.081471893936395659 0.087747775018215193 0.53470164537429821 0.003346225013956428 1.58067262172699 0.01397939119488001 0.22868979722261432 0.0062324875034391889 0.040558623149991042 0.76007294654846203 0.85794836282730114 0.35499350726604467 0.0064507678616791972 0.14793338626623156 0.69024881720542919 0.14999531209468844 1.4498170614242556 0.024067631922662262 0.078547012060880675 0.13511756062507632 -0.28571015596389765 -0.048101313412189477 2.3757532835006718 0.0045639211311936387 0.17352116107940677
decision_type=10 10 8 10 10 10 10 10 10 8 10 2 10 8 10 2 10 10 2 10 10 10 10 10 2 8 8 10 10 10
left_child=17 16 20 -4 -5 -6 -7 -8 -9 10 -10 12 -12 14 15 -14 18 22 23 -17 24 -22 25 28 27 -1 -27 -3 -2 -30
right_child=1 2 3 4 5 6 7 8 9 -11 11 -13 13 -15 -16 19 -18 -19 -20 -21 21 -23 -24 -25 -26 26 -28 -29 29 -31
leaf_value=-0.052593943234282473 -0.052286376416300864 -0.052481115825739701 -0.054654545325375586 -0.052809551307751015 0.1107082334017153 -0.055068983767975865 -0.052266375062117371 -0.052647684589763856 0.096830892521987233 0.074561816587925128 0.070002303346828582 0.088165957691921815 0.08069397581354687 0.077358454054715753 0.083766906757747284 0.081686887035728351 -0.056518100623456441 -0.054284546550936633 -0.054623033684961089 0.081419227598179364 -0.052819249636868452 -0.05388230814005121 -0.053228616780925567 -0.053130707765211227 -0.052747576440501764 -0.052406663747599919 -0.052270733581212751 -0.052258693938544099 -0.052291215492843129 -0.05251784219491952
leaf_weight=0.40947487577795982 0.7936036139726641 0.358232852071523 0.41949441656470199 0.19560486450791259 2.3092722892761222 0.15318650007247825 0.082963492721318199 0.14328395202755828 6.9843516349792472 18.61168060451746 4.8038496039807788 18.145791053771973 15.518279217183602 11.342007920145972 17.896456718444824 24.35101056098938 0.80211186036467541 0.42136422917246719 0.36166422814130772 30.934978485107422 0.71285264194011666 0.50134613364934921 0.35854336619377036 0.5367358699440955 0.48667912930250168 0.8286486454308033 17.36970474198462 0.62028492987155914 0.33488892763853073 0.45345601812005043
leaf_count=9 19 8 6 4 1 2 2 3 3 15 5 8 8 7 8 11 11 7 5 14 15 8 7 10 10 19 418 15 8 10
internal_value=0.0620961 0.0761518 0.0789103 0.0812342 0.0816106 0.0817844 0.081336 0.0814764 0.081551 0.0816804 0.0826998 0.0818973 0.0808124 0.0813315 0.0818395 0.0813523 -0.0537484 -0.0523449 -0.0528528 0.0815371 -0.0528302 -0.0532582 -0.0523018 -0.0525506 -0.0524755 -0.0522839 -0.0522769 -0.0523401 -0.0523537 -0.0524216
internal_weight=177.242 157.854 154.572 151.892 151.473 151.277 148.968 148.815 148.732 148.588 129.977 122.992 104.847 100.043 88.7007 70.8043 3.28246 19.3877 2.48035 55.286 2.6794 1.2142 18.9664 2.11868 1.4652 18.6078 18.1984 0.978518 1.58195 0.788345
internal_count=676 216 153 97 91 87 86 84 82 79 64 61 53 48 41 33 63 460 52 25 56 23 453 47 33 446 437 23 37 18
is_linear=0
shrinkage=0.05


Tree=17
num_leaves=31
num_cat=0
split_feature=8 13 3 15 7 1 6 8 19 4 9 6 10 5 5 4 18 13 5 18 19 14 9 5 9 8 8 10 10 9
split_gain=106.468 19.7673 10.2112 2.35631 7.23351 8.93012 1.78113 1.44701 0.669109 2.36638 2.79768 0.184273 0.121745 0.0711351 0.0194966 0.00659739 0.00402447 0.000494002 0.000424842 0.000240067 0.000175428 9.3496e-05 5.29742e-05 2.66935e-05 2.45552e-05 1.33703e-05 1.42112e-05 1.13558e-05 6.8845e-06 5.67507e-06
threshold=0.0079269409179687517 0.53470164537429821 0.77721342444419872 0.64646530151367199 0.28959313035011297 0.42249934375286108 0.080084040760993971 0.13672816380858424 0.41465789079666143 0.47004961967468267 0.0044648572802543649 0.12885856628417972 0.066478218883276 -0.25320038199424738 -0.42564490437507624 0.97992980480194103 0.22868979722261432 1.4531713724136355 -1.0436462759971616 0.059267282485961921 0.90059876441955578 0.084983348846435561 0.006354883313179017 1.3551879525184634 0.0016967051778919997 0.014730708207935097 0.026096948422491554 0.0039310931460931906 -0.048101313412189477 0.005138327833265067
decision_type=10 10 10 8 10 10 10 8 2 10 10 10 8 8 8 10 2 10 10 2 2 10 10 10 10 10 10 10 8 10
left_child=16 18 19 6 5 -5 -4 8 -8 -10 -11 -12 -13 -7 17 21 22 -14 -2 27 -19 -15 23 28 -25 29 -27 -3 -1 -20
right_child=1 2 3 4 -6 13 7 -9 9 10 11 12 14 15 -16 -17 -18 20 25 -21 -22 -23 -24 24 -26 26 -28 -29 -30 -31
leaf_value=-0.052328591092643144 -0.053931230052364811 -0.052144790245059053 -0.0552707620002022 0.07910228923633518 0.082933123872609704 -0.073043745543106983 0.091419739038480399 -0.054165702524440244 -0.0585760058220424 -0.054265101272331466 0.073423305640737263 0.083643063497888567 0.07921030227337382 -0.052360251589925334 0.080850575043643638 -0.059877635010966025 -0.058104756639427463 0.078815323286895167 -0.052149988954302617 -0.053604519988998102 0.078996698939456211 -0.053334176014669027 -0.052852077173649398 -0.05215281831923535 -0.052750259279445599 -0.05266241212051806 -0.052307477314098252 -0.052490084843847887 -0.052155206004371679 -0.052369169641064389
leaf_weight=0.59242909029126167 0.48993958905339274 0.5126717872917641 0.24521814659237762 2.1683852672576895 9.2930584102869016 0.84937948733568192 11.356427669525145 0.20185338705778022 0.3129681758582582 0.39206517860293288 11.282201230525969 20.182988606393351 19.534188270568848 0.63936418667435668 17.518973588943467 0.4691750332713126 0.29146822541952033 23.788497686386108 0.94864961504936152 0.56546022370457649 30.327861547470093 0.40096275508403778 0.29176260158419509 0.3166002593934526 0.37652409076690674 0.46581399068236329 0.71473056823015213 0.44461193680763245 17.034531589597478 0.42883118987083435
leaf_count=14 8 13 3 1 7 6 5 3 3 6 7 10 9 15 8 4 3 11 24 10 14 7 6 8 8 10 17 10 430 10
internal_value=0.059694 0.0734797 0.076033 0.0773498 0.0576853 0.00585939 0.0793608 0.0796055 0.079806 0.0787367 0.079086 0.0795123 0.0801293 -0.0614686 0.0793514 -0.0549555 -0.0522749 0.0789948 -0.0525824 -0.0527877 0.078917 -0.0527356 -0.0521836 -0.052173 -0.0524774 -0.052324 -0.0524475 -0.0523052 -0.052161 -0.0522182
internal_weight=172.438 153.534 150.486 148.964 13.8203 4.52727 135.143 134.898 134.696 123.34 123.027 122.635 111.353 2.35888 91.1695 1.5095 18.9033 73.6505 3.04796 1.52274 54.1164 1.04033 18.6118 18.3201 0.693124 2.55803 1.18054 0.957284 17.627 1.37748
internal_count=690 221 152 119 40 33 79 76 73 68 65 59 52 32 42 26 469 34 69 33 25 22 466 460 16 61 27 23 444 34
is_linear=0
shrinkage=0.05


Tree=18
num_leaves=31
num_cat=0
split_feature=13 0 10 18 14 11 6 13 10 19 6 15 12 9 4 21 9 0 19 14 10 8 14 9 4 4 10 10 15 10
split_gain=99.8263 22.9135 2.95625 13.3986 1.47654 2.15781 0.567535 0.136605 0.134749 0.0790661 0.0114399 0.00586622 0.00351999 0.00134287 0.00101942 0.000424786 0.000369258 0.000417683 0.000316657 9.62758e-05 7.9478e-05 3.53496e-05 2.1879e-05 9.7758e-06 4.45316e-06 4.00971e-06 3.07829e-06 7.86017e-07 7.44582e-08 3.82256e-08
threshold=0.62525090575218212 0.64385235309600841 0.047293392941355712 0.049156561493873603 0.072541415691375746 0.52515736222267162 0.093160636723041548 2.3022068738937382 0.039422288537025459 0.71250641345977794 0.15032222867012027 0.61741822957992565 0.46344844996929174 0.0044648572802543649 1.2519755959510805 0.21875000000000003 0.0086068282835185545 3.0012503862380986 0.90059876441955578 1.0550517439842226 0.059945471584796912 0.014730708207935097 0.068778712302446379 0.0055596840102225551 0.73178112506866466 0.45152008533477789 0.014226516243070366 -0.048101313412189477 0.65050876140594494 0.037395525723695762
decision_type=10 10 8 2 10 10 10 10 10 2 10 10 10 8 10 2 10 8 2 10 10 10 8 10 10 10 8 8 10 10
left_child=12 14 3 8 5 -5 -4 9 13 -8 -11 18 16 25 15 22 20 -18 -12 -20 21 23 26 27 -25 -3 28 -1 -2 -29
right_child=1 2 6 4 -6 -7 7 -9 -10 10 11 -13 -14 -15 -16 -17 17 -19 19 -21 -22 -23 -24 24 -26 -27 -28 29 -30 -31
leaf_value=-0.052120904039212448 -0.052069691666036561 -0.052042704173086263 0.094344844410727199 0.090142576703272692 0.084270606023825967 0.02818166094545077 0.08063266163905615 0.072533964770991 -0.080811312630267196 0.075372058420723226 0.076598744212522954 0.07779762834342685 -0.056390230952622189 -0.055337430589938875 -0.055245894153218358 -0.054041521472282944 -0.052309884241008513 -0.054462615915973227 0.076918640633704349 0.076770048008419745 -0.052905519468809552 -0.052433237981019724 -0.052485948883303636 -0.05211337344031939 -0.052366932445080221 -0.052250744420603581 -0.052211583868899451 -0.052045510297446411 -0.052043174164891751 -0.052027465396377343
leaf_weight=0.35052159056067467 0.3051267489790902 0.79189995676279334 4.6934384219348422 2.3032054901123038 9.3563565500080568 3.6036195084452629 15.260445356369017 17.473461166024208 0.60470369458198536 12.89703358709812 21.134371757507324 17.109331846237183 0.50102512910962005 0.45011514425277721 0.32280423119664181 0.31711306422948826 0.62637009099125762 0.3519195131957531 19.090059995651245 25.411559104919434 0.28982942551374336 0.64428442716598588 0.3534674867987645 0.34944443032145578 0.34325540065765381 0.32735257595777512 0.32265206053853157 14.385591279715305 1.999020207673311 0.29959690943360406
leaf_count=9 8 21 3 1 8 19 7 12 4 8 10 8 7 7 4 5 15 5 9 12 6 15 8 9 8 8 8 381 53 8
internal_value=0.0586824 0.0717408 0.0747307 0.0553726 0.0719141 0.0523416 0.0772674 0.076643 -0.060758 0.0772904 0.0767572 0.076973 -0.0522576 -0.0530311 -0.0525643 -0.0523018 -0.0521402 -0.0530843 0.0767581 0.0768338 -0.0520848 -0.0520702 -0.0521166 -0.0520554 -0.052239 -0.0521036 -0.0520669 -0.0520469 -0.0520467 -0.0520451
internal_weight=172.269 154.127 150.507 17.4373 15.2632 5.90682 133.07 128.376 2.17407 110.903 95.6424 82.7453 18.1418 1.56937 3.62018 3.29738 17.6408 0.97829 65.636 44.5016 16.6625 16.3727 2.98027 15.7284 0.6927 1.11925 2.6268 15.0357 2.30415 14.6852
internal_count=686 223 137 68 28 20 69 66 40 54 47 39 463 36 86 82 456 20 31 21 436 430 77 415 17 29 69 398 61 389
is_linear=0
shrinkage=0.05


Tree=19
num_leaves=31
num_cat=0
split_feature=9 10 15 10 18 15 12 14 21 11 19 1 7 9 14 18 0 18 10 14 14 8 14 8 20 0 12 18 14 18
split_gain=98.8426 6.11964 9.75046 5.00509 0.717284 3.58188 2.11414 1.41543 1.51507 0.217332 0.0799738 0.0475326 0.00659094 0.00630165 0.00189378 0.00166613 0.00113845 0.000856653 0.000808244 6.49422e-05 4.2265e-05 1.31475e-05 1.33103e-05 3.97169e-06 6.72181e-06 1.32225e-06 4.89624e-07 2.66985e-06 8.84849e-09 3.37618e-09
threshold=0.0044648572802543649 0.01546991663053632 0.62369990348815929 -0.042610803619027131 0.027228280901908878 0.3778196126222611 0.36196315288543707 0.081923011690378203 0.40625000000000006 1.4595060348510744 0.64106586575508129 0.88241088390350353 0.25109304487705236 0.0089591825380921381 0.30367042124271398 0.19730725139379504 1.1703590750694277 0.20507160574197772 0.039422288537025459 -0.067979361861944185 0.065857388079166426 0.014730708207935097 -0.28571015596389765 0.0090823811478912848 0.90832772850990307 1.2079059481620791 0.70012056827545177 0.011857004370540382 0.17490468919277194 0.14356070756912234
decision_type=10 8 10 10 2 10 8 10 2 10 2 10 10 10 10 2 10 2 10 10 10 10 8 10 2 10 10 2 10 2
left_child=15 2 3 13 7 -6 -7 8 -3 10 -8 12 16 -2 17 18 -12 19 21 -4 25 22 -1 26 -25 -21 28 -28 29 -24
right_child=1 4 14 -5 5 6 9 -9 -10 -11 11 -13 -14 -15 -16 -17 -18 -19 -20 20 -22 -23 23 24 -26 -27 27 -29 -30 -31
leaf_value=-0.052277702038463138 -0.052154342420960093 0.022736470770850069 -0.052874103424942934 0.072517424071730119 -0.053334192689527465 -0.053319393595754438 0.071156221172260739 0.073680193343521494 0.076648535443148411 0.08105377886500735 0.074216565283088412 0.077680751056932715 0.075600344377300149 -0.06088353902799383 -0.05651485224843053 -0.056001287194889227 0.074807669612155708 -0.055074658081923501 -0.05376084130909934 -0.051929619139370935 -0.052679834120010649 -0.05230127454158922 -0.051942270706362995 -0.051939296525821035 -0.052235898874441702 -0.052054841835357572 -0.051942106966586604 -0.052075247546800978 -0.051933266807932123 -0.051937096671035826
leaf_weight=0.31782698631286621 0.47136859595775593 3.3957610204815891 0.47400818020105262 7.7710264101624471 0.53886668011546035 0.31575324758887191 10.609025686979292 12.954010773450134 2.1147208213806152 19.428899765014648 14.492380447685717 23.330641746520996 27.108954668045044 0.36828659102320671 0.43374701589345921 0.26755516231059928 18.600064039230347 0.36047251150012005 0.64799424260854621 0.39353500306606315 0.30894938483834267 0.2820538766682138 12.958085976541058 0.46726630628108878 0.32310549169778824 0.45401549711823463 2.1235152706503864 0.45769255235791195 0.28671729564666826 0.32315011322498399
leaf_count=8 12 19 10 19 10 6 7 9 1 9 8 11 13 4 5 4 9 5 12 11 7 7 360 13 8 12 59 12 8 9
internal_value=0.0568557 0.0708247 0.0350467 0.0599869 0.0737958 0.0752714 0.0758799 0.0646512 0.0434259 0.0762391 0.0752455 0.0757648 0.0750223 -0.0559831 -0.0535211 -0.0520843 0.0745488 -0.0528689 -0.0520267 -0.0523812 -0.0521792 -0.0519627 -0.0519571 -0.0519511 -0.0520605 -0.0519967 -0.0519458 -0.0519657 -0.051942 -0.0519421
internal_weight=162.379 143.924 11.0354 8.61068 132.889 114.425 113.886 18.4645 5.51048 113.57 94.1411 83.532 60.2014 0.839655 2.42473 18.455 33.0924 1.99098 18.1874 1.63051 1.1565 17.5394 17.2574 16.9395 0.790372 0.847551 16.1492 2.58121 13.568 13.2812
internal_count=687 187 85 35 102 73 63 29 20 57 48 41 30 16 50 500 17 45 496 40 30 484 477 469 21 23 448 71 377 369
is_linear=0
shrinkage=0.05


Tree=20
num_leaves=31
num_cat=0
split_feature=8 12 0 15 0 7 6 8 18 8 6 12 19 10 3 8 18 11 3 18 5 11 10 5 11 12 18 4 1 10
split_gain=85.4615 16.1243 12.1858 0.97606 3.14247 7.82728 2.27879 1.14536 0.48903 2.10189 0.162829 0.165663 0.0527168 0.0224165 0.00973573 0.0028149 0.00279363 0.00111384 0.000724427 0.000146801 0.000123753 0.000154979 4.0506e-05 2.83758e-05 4.66431e-05 1.38799e-05 7.97653e-06 6.46241e-06 4.09704e-06 3.23211e-06
threshold=0.0079269409179687517 0.28138551115989691 0.64385235309600841 0.65570455789566051 2.0351946353912358 0.41211447119712835 0.080084040760993971 0.13672816380858424 0.31179690361022955 0.011712447740137579 0.13714036345481875 0.75846925377845775 0.84682255983352672 0.039422288537025459 1.4374785423278811 0.03223314322531224 0.22868979722261432 1.5538024902343752 1.5979026556015017 0.059267282485961921 -1.1544392704963682 0.41933661699295049 0.0095584369264543074 1.0126084685325625 0.19091206043958667 0.17259626835584643 0.14793338626623156 0.73178112506866466 2.2698401212692265 -0.00050336519780103106
decision_type=10 8 10 10 10 10 10 8 2 10 10 10 2 8 10 8 2 10 10 2 8 8 10 10 8 10 2 10 10 10
left_child=16 20 18 6 5 13 -4 8 9 -8 -11 -12 -13 17 -14 -16 23 -5 19 22 -2 25 -3 26 -25 27 -1 -22 -29 -30
right_child=1 2 3 4 -6 -7 7 -9 -10 10 11 12 14 -15 15 -17 -18 -19 -20 -21 21 -23 -24 24 -26 -27 -28 28 29 -31
leaf_value=-0.051851306195097958 -0.053253684234548362 -0.051865240083512058 -0.053997456192283903 -0.055583396255571009 0.07613979672381628 0.083546163262196452 -0.055334568124508737 -0.053707724602394202 0.081234045320055015 0.067711870719912512 0.078615497741366031 0.070336310647952135 0.074355074602320229 -0.065783522458337143 0.072779472260702846 0.073642539381053307 -0.05706125518407007 -0.052356855654825341 -0.054924828108603475 -0.053087874105523125 -0.051882188792368604 -0.053238291330243326 -0.052528652204751849 -0.051841464835166086 -0.05263791548741889 -0.052326391530858919 -0.052086098973053344 -0.052222327630569214 -0.052117360300842935 -0.05188989781529213
leaf_weight=15.073223672807218 0.31945844367146492 0.65661284327506908 0.34962090477347274 0.53673473373055436 8.3437747955322248 2.240666389465332 0.31966887786984344 0.17580682411789794 19.776761621236801 12.565227851271628 14.874758481979368 16.325547561049461 22.516128778457642 0.64377085864543859 28.198230344802152 14.207472324371325 0.26353611424565215 0.53319084271788597 0.36768710985779751 0.59448086097836483 0.76828137412667297 0.3159436099231242 0.35420656576752663 0.44537065178155977 0.31303058192133904 0.37322063371539105 0.37062442302703935 0.32176482677459717 0.30986889079213231 0.31486476212739856
leaf_count=438 6 19 6 7 4 1 5 3 10 9 7 9 11 5 15 7 3 13 5 12 22 6 8 13 7 9 10 8 8 9
internal_value=0.0560407 0.0681951 0.0704812 0.0722005 0.05874 0.0220263 0.0734807 0.0738263 0.0740004 0.072688 0.0730646 0.0737643 0.0728761 -0.0584113 0.0735148 0.0730686 -0.0519547 -0.0539755 -0.0529229 -0.0524644 -0.0523291 -0.0522062 -0.0520977 -0.0518716 -0.0521702 -0.0520501 -0.0518569 -0.0519899 -0.0520774 -0.0520027
internal_weight=162.77 146.304 143.58 141.607 12.2981 3.95436 129.309 128.96 128.784 109.007 108.687 96.1221 81.2474 1.7137 64.9218 42.4057 16.4658 1.06993 1.97299 1.6053 2.7234 2.40394 1.01082 16.2022 0.758401 2.088 15.4438 1.71478 0.946498 0.624734
internal_count=695 224 156 112 30 26 82 76 73 63 58 49 42 25 33 22 471 20 44 39 68 62 27 468 20 56 448 47 25 17
is_linear=0
shrinkage=0.05


Tree=21
num_leaves=31
num_cat=0
split_feature=8 13 5 14 4 8 6 9 10 14 0 15 10 9 21 14 14 13 20 14 12 0 5 16 0 5 8 5 0 12
split_gain=88.6959 9.45381 1.96534 10.9558 0.834776 1.13371 0.281161 0.210473 0.114473 0.0573123 0.0390728 0.00236267 0.00216317 0.00124645 0.00169638 0.00120939 0.000814245 0.000408933 0.000249421 0.000159885 0.000114587 5.93902e-05 2.27729e-05 7.7779e-06 4.05756e-06 3.25566e-06 3.03098e-06 2.11111e-06 3.68318e-07 2.5975e-07
threshold=0.011712447740137579 0.62525090575218212 -0.085457786917686449 0.081923011690378203 0.56140393018722545 0.084589526057243361 0.10227548703551294 0.00547730177640915 0.047293392941355712 0.25201657414436346 1.2871463894844057 0.61741822957992565 0.020138065330684188 0.0035208087647333746 0.21875000000000003 0.65390074253082286 0.14804109930992129 0.3861591517925263 0.85258400440216076 -0.19791841506958005 1.6014236807823183 3.0540008544921879 -0.38117404282093043 0.34867808222770696 2.1015383005142216 -0.053970307111740105 0.0090823811478912848 0.030288726091384891 1.9574401378631594 0.70012056827545177
decision_type=10 10 10 10 10 8 10 10 10 10 10 10 10 10 2 10 10 8 2 8 10 10 10 8 10 10 10 10 10 10
left_child=13 17 4 10 -3 6 -6 -8 -9 -10 12 15 20 23 16 -11 19 21 -17 -15 -4 24 -21 -1 -2 -24 29 -22 -27 -25
right_child=1 2 3 -5 5 -7 7 8 9 11 -12 -13 -14 14 -16 18 -18 -19 -20 22 27 -23 25 26 -26 28 -28 -29 -30 -31
leaf_value=-0.052021022035576327 -0.052062280676421352 0.050462342935673192 -0.052936973275132276 0.069994884816727429 0.084125479388749133 -0.053643996355857683 0.057749136674032808 0.075377298670340639 0.067865372060935514 0.071807865928635986 -0.068944717119045359 0.072112544587064425 -0.056605083481787 -0.053169085896465122 -0.056143627248957662 0.071164830911468191 -0.054774798847974128 -0.05415601307421504 0.071398851505421565 -0.052265736777526078 -0.051925430526198968 -0.052720332497028836 -0.051935147543386184 -0.051750060138068259 -0.051853962784589896 -0.051805585145081823 -0.051889812139264996 -0.051733588355468763 -0.051744905743097661 -0.051769210063285193
leaf_weight=0.28403314575553018 0.49004573002457485 4.7862477079033843 0.39210153371095546 10.88862247392535 4.5643599517643443 0.17992735654115577 2.728654231876134 18.631386786699295 12.064887106418608 15.762560248374937 0.59048838913440693 15.837411284446715 0.41209472343325615 0.29154467210173607 0.35515921935439099 19.482181191444397 0.32430256158113469 0.32495257258415233 27.397693634033203 0.35557554662227708 0.28230206295847893 0.35758087038993835 0.42709786072373468 11.991171058267353 0.44693861901760101 0.43597757443785512 0.41612317413091737 0.29146283864974976 0.58650509268045425 2.0775642842054358
leaf_count=8 13 11 8 14 3 3 5 10 8 8 3 8 5 6 4 10 6 5 14 9 8 8 12 367 13 13 12 9 18 63
internal_value=0.053854 0.0675117 0.0689598 0.0503704 0.070928 0.0717677 0.0719615 0.0714653 0.0718081 0.0710737 -0.0581836 0.0715669 -0.0535722 -0.0519446 -0.0529167 0.071429 -0.0524433 -0.0525702 0.0713016 -0.0520826 -0.0522782 -0.0521721 -0.0519072 -0.0517619 -0.0519629 -0.0518192 -0.0517568 -0.051828 -0.0517708 -0.0517529
internal_weight=153.457 135.912 134.292 12.8571 121.435 116.649 116.469 111.905 109.176 90.5447 1.96845 78.4798 1.37796 17.5451 2.77616 62.6424 2.421 1.61952 46.8799 2.0967 0.965866 1.29457 1.80516 14.7689 0.936984 1.44958 14.4849 0.573765 1.02248 14.0687
internal_count=684 166 127 47 80 69 66 63 58 48 33 40 30 518 68 32 64 39 24 58 25 34 52 450 26 43 442 17 31 430
is_linear=0
shrinkage=0.05


Tree=22
num_leaves=31
num_cat=0
split_feature=8 13 4 0 6 18 8 0 9 12 10 10 6 10 10 4 2 18 9 5 18 18 9 9 9 5 11 6 9 17
split_gain=74.4975 13.7061 5.47955 8.08286 1.5767 1.09629 2.61277 0.458085 0.538126 0.433094 0.306866 0.452447 0.165566 0.116084 0.0455655 0.00353277 0.00231187 0.00204025 0.000250776 0.000222341 0.000165936 0.000139334 2.97719e-05 1.60541e-05 1.59753e-05 1.24911e-05 2.41493e-05 3.99519e-06 2.44801e-06 1.77363e-06
threshold=0.0079269409179687517 0.53470164537429821 0.47004961967468267 1.3798909187316897 0.080084040760993971 0.019239347428083423 0.054721800610423095 0.60042887926101696 0.003346225013956428 0.09968243166804315 0.0070683797821402558 0.039422288537025459 0.10187665000557901 0.053268404677510268 0.072134710848331465 0.35499350726604467 0.71483018994331371 0.22868979722261432 0.011884940322488548 -1.2185195088386533 0.092303197830915465 0.027228280901908878 0.006354883313179017 0.005692969774827362 0.0048106792382895955 1.3551879525184634 0.13417097181081775 0.13278971612453463 0.0040672700852155694 0.45306549966335302
decision_type=10 10 10 10 10 2 8 10 10 8 10 10 10 10 10 10 10 2 10 10 2 2 10 10 10 10 8 10 10 10
left_child=17 19 3 15 -4 -6 7 -7 -9 -10 -11 -12 -13 -14 -15 21 18 22 -16 -2 -20 23 25 -3 -21 28 -27 29 -1 -26
right_child=1 2 4 -5 5 6 -8 8 9 10 11 12 13 14 16 -17 -18 -19 20 24 -22 -23 -24 -25 27 26 -28 -29 -30 -31
leaf_value=-0.051664814377762075 -0.053113535072113985 -0.051692816334026573 -0.053084518009608977 0.081084946339256836 0.045856019630832898 -0.052131969586270879 -0.062260878621504118 -0.052447695399030561 -0.054042257624420886 0.061813642802434315 0.080442214513405691 0.07739652966098394 0.064367438413198516 0.073015903282079186 0.070016516845435084 -0.056595867362457392 0.070535340286209489 -0.056319428817962647 0.069918683268301238 -0.051656290462321057 0.069684722852982259 -0.052810702961781225 -0.052248605518568914 -0.052131375013602946 -0.051932370221771489 -0.051659975322914088 -0.052294889738654982 -0.051840321171872129 -0.05176161039879279 -0.052101377934851902
leaf_weight=13.189223306253544 0.39583895355463061 0.53664783388376169 0.26238372549414535 2.2042305469512939 4.6892594695091239 0.075674751773475601 0.36971291154622932 0.088330045342444374 0.069203317165373757 8.3622870817780477 13.228334695100783 8.3537418842315656 8.1960452422499639 15.854801654815672 24.745776295661926 0.6795673295855521 19.220132827758789 0.24174842052161771 15.196452856063845 0.86898362077772562 15.11865985393524 0.69557582400739193 0.23357273451984006 0.34144707210361958 0.28251332603394963 0.40430211648345071 0.23788793385028839 0.54680915921926498 0.68722302652895528 0.34456793032586575
leaf_count=423 8 17 5 1 8 2 3 2 1 9 7 4 8 8 13 10 10 3 8 28 8 15 6 9 8 13 6 16 21 9
internal_value=0.054186 0.0654745 0.0675467 0.0130106 0.0693631 0.0696036 0.0704677 0.0708495 0.070922 0.0710069 0.0710743 0.0717201 0.0706387 0.0700646 0.0705826 -0.0535831 0.0700632 -0.0517633 0.0698984 -0.052029 0.069802 -0.0522821 -0.0516886 -0.0518633 -0.0518188 -0.0516796 -0.0518952 -0.0519391 -0.0516696 -0.0520252
internal_weight=155.721 140.727 138.288 4.45747 133.831 133.568 128.879 128.509 128.434 128.345 128.276 119.914 106.686 98.3319 90.1358 2.25324 74.281 14.994 55.0609 2.43871 30.3151 1.57367 14.7522 0.878095 2.04287 14.5186 0.64219 1.17389 13.8764 0.627081
internal_count=689 217 148 52 96 91 83 80 78 76 75 66 59 55 47 51 39 472 29 69 16 41 469 26 61 463 19 33 444 17
is_linear=0
shrinkage=0.05


Tree=23
num_leaves=31
num_cat=0
split_feature=8 13 0 15 7 0 8 16 18 16 8 14 10 0 13 11 18 20 19 5 14 5 11 10 12 18 18 10 10 5
split_gain=68.8882 13.0615 8.51327 0.748441 3.12568 6.4617 1.65676 0.773091 0.404023 1.96494 0.228848 0.0877109 0.0186489 0.0115542 0.001846 0.000954651 0.000714634 0.000352507 0.000222088 0.000162861 5.08765e-05 1.78174e-05 2.93821e-05 1.04642e-05 9.15975e-06 5.20875e-06 4.55108e-06 2.40905e-06 1.28527e-06 1.01751e-06
threshold=0.0079269409179687517 0.53470164537429821 0.60042887926101696 0.65570455789566051 0.30205073952674871 2.2937577962875371 0.13672816380858424 0.41188149154186254 0.31179690361022955 0.51470091938972484 0.016288487240672115 -0.080562204122543321 0.027839835733175281 0.97045370936393749 2.09448254108429 1.2753153443336489 0.17117925733327868 0.36583286523818975 0.90503394603729259 -1.2185195088386533 0.072541415691375746 1.0126084685325625 0.13937266916036609 0.013648764230310919 0.17259626835584643 0.14535575360059741 0.13511756062507632 -0.048101313412189477 -0.013229052070528267 0.21144938468933108
decision_type=10 10 10 8 10 10 8 8 2 8 10 10 8 10 10 8 2 2 2 10 10 10 8 10 10 2 2 8 10 10
left_child=16 19 17 6 5 12 7 -4 9 -9 -11 -12 15 -13 18 -5 21 -3 -15 -2 23 25 -23 -19 26 27 28 29 -21 -1
right_child=1 2 3 4 -6 -7 -8 8 -10 10 11 13 -14 14 -16 -17 -18 20 -20 24 -22 22 -24 -25 -26 -27 -28 -29 -30 -31
leaf_value=-0.051742509887243819 -0.052853382263000584 -0.053606626605588181 -0.054393281247430626 -0.055440052884153837 0.072956780209771407 0.075545145446381717 -0.053311088883300495 -0.060077665250321058 0.075953356617245019 0.061303342085859205 0.072810384064171244 0.067135835366263372 -0.065265281406536688 0.06843420741858218 0.069136698524409373 -0.052432104039837647 -0.054402272522959441 -0.051567467423061703 0.068665883384543019 -0.051727577766753276 -0.052490897084299687 -0.051576655325385294 -0.052255726932416639 -0.051951391765900572 -0.051933031974440748 -0.051812696593778587 -0.051859335470738926 -0.051581206611057639 -0.05160938339864516 -0.051618079366794516
leaf_weight=0.32420237176120281 0.40654793940484557 0.44606190174817939 0.12663836404681106 0.52483019605278936 8.1383693665266019 2.0868086814880371 0.27711798623204131 0.29865013808011909 18.806457996368408 10.34744471311569 13.862549543380721 12.978468209505094 0.55277086049318258 16.515531778335571 22.374342679977417 0.53032347187399875 0.23185251280665475 0.47153036855161168 27.684033036231995 0.32057941518723954 0.29005447216331959 0.3852508123964079 0.27158366516232491 0.28460558131337166 0.52465109899640072 0.25888365507125932 0.30858441442251194 12.300269436091176 0.81410654447972675 0.33309650607407093
leaf_count=10 9 8 2 7 5 1 5 4 10 9 7 8 5 9 12 13 5 16 15 10 7 13 7 8 15 8 9 414 27 11
internal_value=0.0536347 0.0643207 0.0663417 0.0676535 0.0556421 0.017503 0.0688065 0.0690817 0.0692089 0.06799 0.0683586 0.0691402 -0.0578257 0.0685006 0.0687666 -0.0539282 -0.0516493 -0.0524297 0.0685793 -0.0519423 -0.0519279 -0.0516033 -0.0518574 -0.051712 -0.0517541 -0.0515906 -0.0516891 -0.0515862 -0.0516428 -0.0516795
internal_weight=153.076 138.971 136.597 135.104 11.8331 3.69473 123.271 122.994 122.867 104.061 103.762 93.4149 1.60792 79.5524 66.5739 1.05515 14.1051 1.49225 44.1996 2.37447 1.04619 13.8733 0.656834 0.756136 1.96792 13.2165 1.44327 12.9576 1.13469 0.657299
internal_count=689 221 151 112 31 26 81 76 74 64 60 51 25 44 36 20 468 39 24 70 31 463 20 24 61 443 46 435 37 21
is_linear=0
shrinkage=0.05


Tree=24
num_leaves=31
num_cat=0
split_feature=8 13 3 15 7 11 6 16 8 9 0 18 18 14 14 15 0 9 18 3 18 11 0 9 10 18 9 15 11 10
split_gain=64.2925 11.5826 5.5886 1.223 3.47622 6.65068 1.48621 1.79402 1.61078 0.648396 0.476276 0.317402 0.266256 0.106785 0.190362 0.024953 0.0237732 0.00151861 0.00149907 0.000339959 0.000107803 9.03736e-05 5.56951e-05 1.99894e-05 1.65471e-05 1.50607e-05 9.31734e-06 6.67393e-06 1.47782e-05 3.77559e-06
threshold=0.0079269409179687517 0.53470164537429821 0.7251882553100587 0.66597792506217968 0.30205073952674871 0.19516269862651828 0.080084040760993971 0.41188149154186254 0.084589526057243361 0.003346225013956428 0.64385235309600841 0.019239347428083423 0.31179690361022955 -0.11732779815793036 0.45415902137756353 0.6128830909729005 1.3798909187316897 0.010468387044966223 0.22868979722261432 1.1421983838081362 0.059267282485961921 0.28221321105957037 3.4808510541915898 0.0060447214636951694 0.0095584369264543074 0.021380989812314514 0.0041340435855090627 0.3778196126222611 0.29806262254714971 0.028667935170233253
decision_type=10 10 10 8 10 8 10 8 8 10 10 2 2 10 8 10 10 10 2 10 2 10 8 10 10 2 10 8 8 10
left_child=18 22 20 6 5 -5 -4 -8 9 -9 -11 -12 13 -13 -15 17 19 -16 23 25 24 -19 26 27 -3 -7 -2 28 -1 -28
right_child=1 2 3 4 -6 16 7 8 -10 10 11 12 -14 14 15 -17 -18 21 -20 -21 -22 -23 -24 -25 -26 -27 29 -29 -30 -31
leaf_value=-0.051497641365520319 -0.051493231881534568 -0.051494387151158595 -0.054283272196156043 0.07368642303428849 0.072148704646457285 -0.051582007375986449 -0.05418106946565146 -0.052062097643583639 -0.061481363098047817 -0.052508658536408251 0.054379475396182778 0.07296167310216832 0.0739833884581899 0.061744592485636685 0.067930760558051057 0.069784158372315622 -0.064063617833847217 0.067431849022849197 -0.055669306603166248 -0.053725068284324107 -0.052791829919086257 0.06728181485971306 -0.052351656121421813 -0.052007576612337729 -0.052000611580422663 -0.052087546006296871 -0.05180595489822204 -0.051506906850532844 -0.05201827643099164 -0.051621079005913333
leaf_weight=0.39530286565422379 0.47867105901241247 0.36630751192569622 0.25229232013225455 2.0338172912597643 6.116919718682766 0.29311663657426812 0.30362651869654556 0.11275975778698821 0.24151109904050727 0.082077801227568581 4.1399356871843329 7.9330825805663912 18.37743479013443 14.840403504669689 14.470967411994918 14.914304018020628 0.8331545852124691 16.084054350852966 0.2215455677360304 0.39975867420434952 0.36286147683858871 26.69613790512085 0.37557997368276108 0.20899913460016328 0.28861568868160248 0.29620000347495079 0.92514201812446095 12.545549817383289 0.20802675187587738 0.39367861486971378
leaf_count=14 17 13 4 1 4 10 5 3 2 2 4 4 10 12 8 8 6 9 3 7 8 15 10 6 8 8 28 442 6 13
internal_value=0.0519925 0.0626799 0.0646018 0.0655267 0.048711 0.0115312 0.0669426 0.0672013 0.0675139 0.0677787 0.0678937 0.0679778 0.0684746 0.0674083 0.066902 0.0679625 -0.0578411 0.067488 -0.0515901 -0.0525996 -0.0521005 0.0673382 -0.0517979 -0.0515224 -0.0517175 -0.0518361 -0.0516822 -0.0515147 -0.0516772 -0.0517508
internal_weight=145.192 131.612 129.439 128.422 9.97297 3.85605 118.449 118.196 117.893 117.651 117.538 117.456 113.316 94.9389 87.0059 72.1655 1.82223 57.2512 13.5794 0.989075 1.01778 42.7802 2.17307 13.3579 0.654923 0.589317 1.79749 13.1489 0.60333 1.31882
internal_count=690 219 151 122 36 32 86 82 77 75 72 70 66 56 52 40 31 32 471 25 29 24 68 468 21 18 58 462 20 41
is_linear=0
shrinkage=0.05


Tree=25
num_leaves=31
num_cat=0
split_feature=8 12 0 10 3 12 14 8 7 15 8 18 2 20 11 5 9 10 12 9 9 11 9 10 12 18 12 9 7 14
split_gain=59.4189 10.8236 7.14679 0.970209 1.69587 0.889621 2.20086 0.106192 0.0945853 0.0224634 0.0138635 0.00128432 0.00124745 0.000374396 0.000115113 7.58914e-05 1.77297e-05 1.10044e-05 7.19837e-06 7.11215e-06 4.64764e-06 4.59434e-06 4.39759e-06 1.26546e-06 6.22142e-07 1.71417e-07 1.13638e-06 1.79074e-09 1.77029e-09 8.98593e-10
threshold=0.0079269409179687517 0.28138551115989691 0.60042887926101696 0.048698838800191886 1.1421983838081362 1.1523545384407046 0.49393710494041448 0.041206646710634239 0.17521047592163089 0.61741822957992565 0.019414265640079979 0.19730725139379504 0.59725666046142589 0.39503119885921484 0.41933661699295049 -1.1544392704963682 0.0060447214636951694 0.0026011784793809061 0.17259626835584643 0.005832189694046975 0.0035994838690385227 0.22620365023612979 0.0048106792382895955 0.0046680450905114421 0.073693465441465392 0.049156561493873603 0.70012056827545177 0.0032052797032520179 0.39518207311630255 -0.20298616588115689
decision_type=10 8 10 8 10 10 10 8 10 10 10 2 10 2 8 8 10 10 10 10 10 8 10 10 10 2 10 10 10 8
left_child=11 14 13 4 -4 6 -6 8 -5 10 -10 16 -12 -3 15 -2 20 -15 22 -19 25 24 27 -24 -22 29 28 -17 -27 -1
right_child=1 2 3 7 5 -7 -8 -9 9 -11 12 -13 -14 17 -16 18 -18 19 -20 -21 21 -23 23 -25 -26 26 -28 -29 -30 -31
leaf_value=-0.051420908699260061 -0.05250450543134854 -0.053431831918926712 0.020434042912331279 0.070568304479851629 0.017076340070352015 0.068731132795920385 0.071153514653392466 0.061977466843014466 0.064255955838545931 0.068107928366568787 0.06607011296992181 -0.055363331016767103 0.066643077078662696 -0.051422572235845891 -0.052817608709656218 -0.051422629256422547 -0.051909105779733317 -0.051572539892271174 -0.051793957068621166 -0.051936906452507481 -0.051527314777581594 -0.051745760628756812 -0.051657666249379397 -0.051517448350877015 -0.0514213711181504 -0.051418391706788517 -0.051537198153482067 -0.05141703090576482 -0.051422995920652338 -0.05142417554285688
leaf_weight=0.21495401673018932 0.25252962298691273 0.43317402526736148 3.0515491329133573 16.909604787826538 3.3994820062071112 12.367217428982256 4.2135616466403008 10.868097078055142 10.527126692235468 14.420687556266783 24.024154901504517 0.21221678704023439 15.71292459964752 0.34939497709274292 0.26366993971168984 0.24210013449191981 0.19959058985114175 0.23331173695623875 0.2935960330069064 0.3143948744982481 0.28605637885630208 0.22057121247053146 0.43117270246148109 0.2567122932523489 0.26877549849450588 0.26823868788778849 0.25996163301169861 0.34839708730578423 0.94172820635139942 10.151724776253094
leaf_count=8 6 8 18 9 18 12 3 9 8 8 14 3 9 13 6 9 6 8 9 9 10 7 14 9 10 10 9 13 35 377
internal_value=0.0498845 0.0609891 0.0630059 0.0643331 0.0551511 0.0604533 0.0470062 0.0666203 0.0672388 0.0663684 0.0658693 -0.0515054 0.0662967 -0.0522247 -0.0518411 -0.0516999 -0.0514415 -0.0516418 -0.0515707 -0.0517817 -0.0514341 -0.0515527 -0.0515194 -0.0516053 -0.051476 -0.0514264 -0.0514424 -0.0514193 -0.051422 -0.0514241
internal_weight=131.937 118.913 116.825 115.494 23.0318 19.9803 7.61304 92.4626 81.5945 64.6849 50.2642 13.0238 39.7371 1.33028 2.08818 1.82451 12.8116 0.897102 1.57198 0.547707 12.612 0.775403 1.27838 0.687885 0.554832 11.8366 1.46993 0.590497 1.20997 10.3667
internal_count=687 212 146 108 51 33 21 57 48 39 31 475 23 38 66 60 472 30 54 17 466 27 45 23 20 439 54 22 45 385
is_linear=0
shrinkage=0.05


Tree=26
num_leaves=31
num_cat=0
split_feature=9 10 15 14 17 15 7 6 12 10 16 10 8 13 10 14 10 14 18 14 6 8 18 8 0 11 14 8 14 18
split_gain=59.6323 5.94539 5.95373 2.42476 6.46434 0.709636 1.94007 1.29197 1.68964 0.158216 0.137969 0.0566998 0.0171315 0.0105421 0.00216817 0.00184121 0.000718021 0.000580186 0.000451582 0.000131129 0.000195133 0.000102371 3.29418e-05 1.26338e-05 6.6741e-06 9.41634e-06 4.51e-06 3.64589e-06 2.44682e-06 6.38955e-07
threshold=0.0044648572802543649 0.014875650405883791 0.62369990348815929 0.15564228594303134 0.72329732775688182 0.66597792506217968 0.30205073952674871 0.087747775018215193 0.2155508026480675 0.047293392941355712 0.60477024316787731 0.069807022809982314 0.03999117203056813 1.3924961686134341 0.039422288537025459 0.30367042124271398 0.10168663784861566 -0.20298616588115689 0.17355674505233767 1.3561123609542849 0.23442779481410983 0.029532304964959625 0.15027270466089251 0.011052398011088373 0.62970322370529186 0.13937266916036609 -0.28571015596389765 0.0055617492180317649 0.25201657414436346 0.13098435848951342
decision_type=10 8 8 10 10 8 10 10 8 10 8 8 10 10 10 10 10 8 2 10 10 10 2 10 10 10 8 10 10 2
left_child=14 2 3 4 10 7 -7 -3 -9 -10 13 -11 16 21 18 17 -13 -4 23 20 -18 27 24 26 -19 -26 -1 -2 29 -28
right_child=1 5 15 -5 -6 6 -8 8 9 11 -12 12 -14 -15 -16 -17 19 22 -20 -21 -22 -23 -24 -25 25 -27 28 -29 -30 -31
leaf_value=-0.051585799695775092 -0.051430378023787131 -0.052472231052262758 -0.053876211227629013 0.068456371851320474 0.071342577030079748 0.01882911329574204 0.067284899050375144 -0.051719113446904622 0.059731789679875816 0.069025778520119083 -0.089159008789040275 0.065542767932021281 0.06719972448373833 -0.062539894367342891 -0.054436755815138307 -0.055833656493165462 0.065360194642087102 -0.051353061639860732 -0.053780311642228629 0.065028041713063464 0.065109060372864222 -0.052726073971848267 -0.052173836270232456 -0.051637914439081112 -0.051427164098714041 -0.051826227987878386 -0.051355069421816946 -0.051675501129547323 -0.051514918845864344 -0.05141745996315137
leaf_weight=0.22697324492037296 0.29639028012752267 0.23405422270297904 0.39055603742599487 4.2745144888758659 2.0569481253623962 3.1840646490454656 5.881170492619276 0.30839993059635062 10.661256838589905 14.594870924949653 0.38503997400403034 16.856711745262132 14.03254985809326 0.31823046505451202 0.62197597883641798 0.44791367091238488 13.410092830657961 0.35892624408006779 0.19821202196180898 13.253316164016722 18.277538418769836 0.26998821273446083 0.24456791952252388 0.43981094844639379 0.29610610008239746 0.29518112912774086 11.045080343261349 0.31073452532291412 0.25190791115164834 0.42620259337127286
leaf_count=8 11 6 7 4 2 18 7 10 9 8 4 10 8 2 12 6 8 14 5 8 11 6 7 15 11 9 430 10 9 16
internal_value=0.0492989 0.0603426 0.0233109 0.0429227 0.012916 0.0636696 0.0502653 0.0648653 0.0651362 0.0654927 -0.0631291 0.0661719 0.0656226 -0.0547444 -0.051555 -0.053003 0.0652645 -0.0522032 -0.0514126 0.0651601 0.0652153 -0.0519161 -0.0516563 -0.0513747 -0.0515231 -0.0516264 -0.051365 -0.0515558 -0.0513608 -0.0513574
internal_weight=133.849 120.639 9.9451 7.91185 3.63733 110.694 9.06524 101.629 101.395 101.086 1.58038 90.4251 75.8302 1.19534 13.2102 2.03325 61.7977 1.58534 12.5882 44.9409 31.6876 0.877113 1.19478 12.39 0.950213 0.591287 11.9502 0.607125 11.7232 11.4713
internal_count=691 196 93 39 35 103 25 78 72 62 33 53 45 29 495 54 37 48 483 27 19 27 41 478 34 20 463 21 455 446
is_linear=0
shrinkage=0.05


Tree=27
num_leaves=31
num_cat=0
split_feature=2 0 4 21 10 6 2 8 3 2 4 4 10 2 4 6 18 4 13 21 9 9 9 2 10 5 8 13 17 14
split_gain=52.0654 12.3339 3.95839 5.9572 0.610179 1.98519 7.18609 1.08359 0.456002 0.0463082 0.0289502 0.0574887 0.0351481 0.0211441 0.00599157 0.00156598 0.00116648 0.00100154 0.00094564 0.000122932 0.000110072 0.000106441 7.17107e-05 5.95414e-05 2.05586e-05 1.44554e-05 1.01066e-05 6.65959e-06 5.19476e-06 3.30924e-06
threshold=1.421582877635956 0.60042887926101696 0.47004961967468267 0.53125000000000011 0.053268404677510268 0.13714036345481875 1.3062299489974978 0.13672816380858424 2.0961216688156132 0.92238497734069835 1.1790702939033511 1.5469332933425906 0.06912586092948915 1.5110922455787661 0.35499350726604467 0.1927820295095444 0.11045989394187929 1.2519755959510805 0.83634549379348766 0.15625000000000003 0.0048106792382895955 0.0089591825380921381 0.012073180172592403 1.7913848757743838 0.01546991663053632 -0.60357245802879322 0.0095551647245883959 0.62525090575218212 0.64716732501983654 0.17490468919277194
decision_type=8 10 10 2 8 10 10 8 10 10 10 10 10 8 10 10 2 10 10 2 10 10 10 10 10 10 10 10 10 10
left_child=1 17 3 14 5 6 9 10 -7 -4 12 -12 -6 -2 21 -14 -13 19 20 24 27 26 -17 -22 28 -25 -3 29 -1 -15
right_child=13 2 4 -5 7 8 -8 -9 -10 -11 11 16 15 18 -16 22 -18 -19 -20 -21 23 -23 -24 25 -26 -27 -28 -29 -30 -31
leaf_value=-0.051531379759179569 -0.062189506859076919 -0.051312713278379211 -0.076112835113324034 0.071509921147878047 0.067371509453318282 0.05166456625163332 0.07820761366536455 -0.05247873208431203 0.069099312331873539 -0.05784457413956761 0.06014271933547926 0.064221448501099801 0.064875976740124783 -0.051285072690455236 -0.05771771193053879 0.064313551593565915 0.064836841955291949 -0.054679333636411545 -0.054886028260339517 -0.052558335713190345 -0.052330047100272149 -0.052612314955954621 0.064146601434551573 -0.051874500198949881 -0.051776266479264837 -0.05143238710567706 -0.051678897825850979 -0.051517544670967579 -0.051283881883351992 -0.051496328220053594
leaf_weight=0.25013931468129147 0.47446084395050725 0.79654383286833652 0.57285448350012946 1.9610723257064819 14.00714325904846 6.2009467277675858 2.2035278715193272 0.19851770251989265 9.4900291319936496 0.87948146276175976 9.9325380772352201 16.075190544128422 14.791727900505064 9.28248637169599 0.58876669965684425 12.906289815902712 14.780605673789976 0.28464673832058895 0.19269511103630144 0.25505290366709221 0.36924255080520996 0.21878543309867371 12.822237133979796 0.26921976543962955 0.29302704334259022 0.5902069378644228 0.24681211821734905 0.33071951195597726 1.3909743744879959 0.18915300816297609
leaf_count=9 7 32 6 1 8 14 2 5 8 12 9 10 9 380 8 8 9 4 4 6 10 5 8 8 9 22 8 12 57 7
internal_value=0.0488816 0.0586086 0.060912 0.0107858 0.0625755 0.0544782 0.0212967 0.0642157 0.0622092 -0.0650502 0.0644587 0.0634512 0.0652124 -0.0518506 -0.0535526 0.064466 0.0645162 -0.0518893 -0.0514136 -0.0515265 -0.0513529 -0.0516096 0.0642303 -0.051799 -0.0513905 -0.0515709 -0.0513993 -0.051297 -0.0513216 -0.0512893
internal_weight=132.845 121.147 118.673 3.81198 114.861 19.3468 3.65586 95.5143 15.691 1.45234 95.3157 40.7883 54.5274 11.6982 1.85091 40.5203 30.8558 2.47384 11.2237 2.18919 11.031 1.26214 25.7285 1.22867 1.93414 0.859427 1.04336 9.80236 1.64111 9.47164
internal_count=697 247 162 54 108 42 20 66 22 18 61 28 33 450 53 25 19 85 443 81 439 45 16 40 75 30 40 399 66 387
is_linear=0
shrinkage=0.05


Tree=28
num_leaves=31
num_cat=0
split_feature=9 10 0 12 11 12 4 18 11 19 10 6 10 5 14 2 6 11 15 8 10 14 14 5 8 2 18 14 18 11
split_gain=52.245 5.73288 6.64887 5.10213 1.68209 1.027 0.82654 0.301113 0.105686 0.0817034 0.0176048 0.00500534 0.00210805 0.00109459 0.000884652 5.80271e-05 5.20501e-05 3.3713e-05 1.40717e-05 1.29442e-05 6.44556e-06 3.93643e-06 2.03158e-06 1.31338e-06 3.08306e-07 1.41155e-07 8.31321e-07 4.62785e-08 1.5576e-08 1.28968e-08
threshold=0.0044648572802543649 0.034201845526695258 1.3798909187316897 0.28138551115989691 0.017391016706824306 0.2155508026480675 0.47004961967468267 0.021380989812314514 1.4595060348510744 0.64106586575508129 0.10821620747447015 0.14079418033361438 0.039422288537025459 -1.3612381219863889 0.18453286588191989 1.7913848757743838 0.24165654182434085 1.2399019598960879 0.70589137077331554 0.011052398011088373 -0.038457425311207764 -0.28571015596389765 0.25201657414436346 0.16718482971191409 0.0095551647245883959 1.5680629611015322 0.011857004370540382 -0.042104683816432946 0.14535575360059741 0.44269835948944097
decision_type=10 8 8 10 10 8 10 2 10 2 10 10 10 10 10 10 10 8 10 10 10 8 10 10 10 8 2 10 2 10
left_child=12 2 11 15 -3 -6 -7 -8 9 -9 -11 -2 19 -12 17 -4 -15 -13 -19 21 23 -1 24 -17 25 26 27 -23 29 -27
right_child=1 4 3 -5 5 6 7 8 -10 10 13 14 -14 16 -16 20 -18 18 -20 -21 -22 22 -24 -25 -26 28 -28 -29 -30 -31
leaf_value=-0.051447173199642343 -0.057425464910611769 -0.052475346738814349 -0.052172536509870727 0.057353288593198049 -0.051569797286020513 -0.052168975547492807 0.054578911662281127 0.058761901016896302 0.0680216152271199 0.065166002693702971 0.063898201271614941 -0.05213257018198008 -0.054493505012692393 0.063416575346568471 -0.054815915002289065 -0.051377049489355057 0.063290022404948909 -0.051760965858202369 -0.051284434039076933 -0.051538899416381005 -0.051598494884812621 -0.051244458078532035 -0.051383684444854652 -0.051227012564628638 -0.051283795699022527 -0.051220707763880546 -0.051312506249143131 -0.051219671929761325 -0.051207130152239461 -0.05123396378153116
leaf_weight=0.2087098304182291 0.86086146347224479 0.3159051388502111 0.34305085986852712 8.4250374399125558 0.19496249593794246 0.15475569665431876 8.7112983763217908 8.0241941846907121 15.830981731414793 24.591507911682129 12.669129014015189 0.32189139164984204 0.52137159928679544 15.550908207893377 0.30439088679850101 0.33733989857136826 17.014378190040588 0.28571848757565022 0.33840090967714787 0.35495017096400339 0.2937036659568586 0.21297037601470981 0.20536071993410665 0.25696634501218796 0.21759752370417196 7.7935449071228504 0.29841803200542916 1.6271751169115187 0.20707803964614857 0.1879062596708535
leaf_count=8 11 8 10 13 7 4 8 8 9 15 8 9 10 10 5 13 11 9 14 13 10 9 8 11 9 335 12 70 9 8
internal_value=0.0486392 0.0589488 0.025886 0.0434602 0.0627239 0.0630781 0.0632961 0.0634706 0.0642975 0.0635401 0.0640892 -0.0544914 -0.051385 0.0635039 -0.0524713 -0.0516202 0.0633505 -0.0517169 -0.0515026 -0.0512417 -0.0514069 -0.0512321 -0.0512279 -0.0513122 -0.0512249 -0.0512237 -0.0512351 -0.0512225 -0.0512207 -0.051221
internal_weight=126.66 114.825 11.7674 9.6561 103.058 102.742 102.547 102.392 93.6811 77.8501 69.8259 2.11126 11.8351 45.2344 1.2504 1.23106 32.5653 0.946011 0.624119 11.3137 0.88801 10.9588 10.7501 0.594306 10.5447 10.3271 2.13856 1.84015 8.18853 7.98145
internal_count=684 193 105 57 88 80 73 69 61 52 44 48 491 29 37 44 21 32 23 481 34 468 460 24 452 443 91 79 352 343
is_linear=0
shrinkage=0.05


Tree=29
num_leaves=31
num_cat=0
split_feature=13 0 18 14 6 4 12 5 6 18 6 10 12 9 10 14 16 18 19 18 7 9 0 18 5 10 9 10 10 9
split_gain=47.0901 10.7005 2.90238 7.38217 1.08848 0.909645 0.470867 0.275291 0.260701 0.241552 1.68819 0.0438064 0.0461799 0.0159724 0.00974819 0.00377866 0.000871398 0.000544624 0.00031789 0.000274675 8.60896e-05 8.4105e-05 4.08666e-05 3.26531e-05 2.77318e-05 1.74832e-05 9.08738e-06 3.45705e-06 2.76483e-06 2.47166e-06
threshold=0.62525090575218212 0.60042887926101696 0.019239347428083423 0.78992214798927318 0.080084040760993971 0.47004961967468267 0.28138551115989691 0.085402816534042372 0.24726310372352603 0.22868979722261432 0.1226053833961487 0.01836439780890942 0.94000694155693065 0.0056558332871645698 0.078532014042139067 0.358546793460846 0.74301347136497509 0.39459246397018438 0.58466929197311412 0.012707813642919065 0.21915727108716967 0.0086068282835185545 2.5151184797286992 0.090378891676664366 -0.041116580367088311 0.047293392941355712 0.0041340435855090627 0.011271635536104442 -0.038457425311207764 0.0058258036151528367
decision_type=10 10 2 8 10 10 8 8 10 2 10 10 10 10 10 10 10 2 2 2 10 10 8 2 10 10 10 10 10 10
left_child=15 18 3 8 -4 -6 -7 9 13 10 -8 -12 -13 19 -14 17 20 21 -2 -3 -16 25 -23 -22 -20 26 -1 -26 -28 -30
right_child=1 2 4 -5 5 6 7 -9 -10 -11 11 12 14 -15 16 -17 -18 -19 24 -21 23 22 -24 -25 27 -27 28 -29 29 -31
leaf_value=-0.05116134246129287 -0.052863250395085319 -0.051181361363509204 -0.052432373808480107 0.064913293469457817 0.033057193046483233 -0.052935461594608303 -0.055085671918935875 0.054030206874818666 -0.10793008499329462 0.068685715191738522 0.067175062553762585 0.058475026050768056 0.06422377543293889 -0.063142906175754923 0.062670073546353941 -0.057588756715627132 0.063043037006654035 -0.053995470023366549 -0.051681346213570213 -0.053375303938215615 0.062564103183696443 -0.051454101203076877 -0.052347799428622215 0.062453854740748951 -0.05115881081325762 -0.051686872085122987 -0.051239165851587581 -0.051393614369258322 -0.051292474583892828 -0.051507257316675659
leaf_weight=8.472798189148298 0.38831177540123407 0.51792010851204284 0.20769084617495437 3.2994976043701172 2.6214722376316777 0.087685508653520539 0.30429139360785384 7.9336450211703768 0.30930040962994088 19.510554075241089 5.6038455069065085 6.2383813317865124 12.672538518905638 0.54606721363961697 12.02835166454315 0.24193887785077173 12.212999105453489 0.17998261377215463 0.35502693615853798 0.19689832627773285 13.467935085296633 0.29622239619493562 0.22513659670948982 13.396793603897093 1.2616206519305699 0.17275687493383962 0.6341272983700037 0.17900214903056633 0.28538086265325435 0.25242231972515583
leaf_count=382 9 23 5 2 19 2 4 11 4 11 4 8 8 5 8 3 8 3 12 5 9 11 6 9 57 6 27 7 12 9
internal_value=0.0485472 0.0580375 0.060191 0.0224452 0.0619203 0.0621442 0.0628813 0.0629795 -0.0667949 0.0637235 0.0624483 0.0629213 0.0625808 -0.0567043 0.0629824 -0.0514108 0.0626746 -0.0512687 -0.0515661 -0.0517857 0.0625589 -0.0512212 -0.05184 0.0625091 -0.0512855 -0.0511883 -0.0511794 -0.051188 -0.0513099 -0.0513933
internal_weight=124.101 113.34 111.156 4.86968 106.286 106.078 103.457 103.369 1.57019 95.4357 75.9251 75.6208 70.017 1.26089 63.7786 10.7608 51.1061 10.5188 2.18396 0.714818 38.8931 10.3388 0.521359 26.8647 1.79565 9.81749 9.64473 1.44062 1.17193 0.537803
internal_count=689 230 145 39 106 101 82 80 37 69 58 54 50 33 42 459 34 456 85 28 26 453 17 18 76 436 430 64 48 21
is_linear=0
shrinkage=0.05


Tree=30
num_leaves=31
num_cat=0
split_feature=2 4 21 15 6 2 11 6 8 13 19 8 16 10 2 9 5 8 2 12 16 8 9 19 2 5 5 13 19 5
split_gain=43.57 10.1616 6.8669 1.01427 1.83283 3.79692 0.486106 0.541719 0.708728 0.731916 0.183218 0.530696 0.0608288 0.0379364 0.0204709 0.0079066 0.00438277 0.00145613 0.000669741 0.00060505 0.000250791 7.89309e-05 7.36344e-05 6.45108e-05 4.48427e-05 3.74704e-05 1.08433e-05 8.75384e-06 6.30057e-06 1.90539e-06
threshold=1.421582877635956 0.47004961967468267 0.53125000000000011 0.66013774275779735 0.19436165690422061 1.2920398116111758 0.017391016706824306 0.080084040760993971 0.13672816380858424 0.53470164537429821 0.4934064000844956 0.016288487240672115 0.54173430800437938 0.06912586092948915 1.4755778312683108 0.016493778675794605 -0.26971822977066034 0.027454364113509658 0.88418093323707592 0.78490754961967479 0.71780118346214306 0.011052398011088373 0.0049993237480521211 0.90213665366172802 1.7913848757743838 -0.014003574848175047 -0.60357245802879322 0.6629963517189027 0.87127503752708446 -0.014003574848175047
decision_type=8 10 2 8 10 8 10 10 8 10 2 10 8 10 8 10 8 10 10 10 10 8 10 2 10 8 10 10 2 10
left_child=1 2 16 6 5 18 -3 -8 9 -9 -11 -12 -13 -14 -2 20 -1 21 -5 22 23 29 27 -15 -24 -23 -26 -16 -27 -18
right_child=14 3 -4 4 -6 -7 7 8 -10 10 11 12 13 15 19 -17 17 -19 -20 -21 -22 25 24 -25 26 28 -28 -29 -30 -31
leaf_value=-0.058630799223269206 -0.062632620852742335 -0.052670670793023726 0.067005186089866484 -0.05970214162987493 0.059660730925799182 0.062221221151734667 -0.052002013960855555 -0.051271224060206039 -0.05224956377018608 0.068230514292467764 0.045998806137415943 0.058058820041535841 0.06514227594991176 0.061689805369237821 -0.051105569784645456 0.063276361669859629 -0.051222182078685841 -0.054379637770543915 -0.057306271821470071 -0.054247644758038296 0.062039467335150936 -0.052068359165131521 -0.05201061856195377 0.061830742312305932 -0.051616300502688943 -0.051547403141831864 -0.051210817859175577 -0.051390853515738438 -0.051172852158165631 -0.051103147763318049
leaf_weight=0.2481549084186554 0.40906265750527104 0.093322213739155724 1.8486404027789829 0.55122716538608008 5.3505240343511105 1.471718907356262 0.1050056554377069 0.14291552826762099 0.13642985932528873 10.379113554954527 5.3806498050689688 7.8373607695102683 12.989645361900328 14.318006753921507 8.222631655633446 12.192757368087767 0.43520788848400105 0.44855275563895691 0.61951291933655739 0.16190200112760145 11.653408765792845 0.39021862484514713 0.35358178615569957 18.754698872566223 0.23555614240467548 0.30481155775487412 0.5494824443012476 0.27798688225448209 0.17775630578398705 1.4775497429072859
leaf_count=2 5 2 2 7 10 1 3 6 4 6 7 8 8 10 389 8 19 10 9 4 8 11 11 13 8 11 24 11 8 70
internal_value=0.0470245 0.0564156 -0.0108799 0.0599335 0.0428347 0.00876484 0.0613877 0.0615011 0.0616282 0.0617941 0.0619669 0.0611848 0.0622358 0.0627041 -0.0516738 0.0621477 -0.0522271 -0.0517358 -0.0584343 -0.0512164 0.06184 -0.05131 -0.0511655 0.0617697 -0.0515431 -0.051704 -0.0513325 -0.0511149 -0.0514094 -0.0511302
internal_weight=117.517 107.307 5.33089 101.976 7.99298 2.64246 93.9833 93.89 93.785 93.6486 93.5056 83.1265 77.7459 69.9085 10.2102 56.9189 3.48225 3.2341 1.17074 9.80114 44.7261 2.78554 9.63924 33.0727 1.13862 0.872786 0.785039 8.50062 0.482568 1.91276
internal_count=695 243 133 110 27 17 83 81 78 74 68 62 55 47 452 39 131 129 16 447 31 119 443 23 43 30 32 400 19 89
is_linear=0
shrinkage=0.05


Tree=31
num_leaves=31
num_cat=0
split_feature=8 10 13 3 5 15 12 2 4 7 9 11 12 4 12 11 12 17 11 19 2 3 9 10 9 5 9 13 10 9
split_gain=41.4858 3.27181 6.47614 3.27099 5.34187 1.2482 1.2403 0.744943 0.332943 0.0502101 0.045943 0.0341111 0.0142936 0.0107487 0.00249462 0.0021107 0.000633789 0.000176114 0.000363624 0.000137773 3.25444e-05 3.83429e-05 1.66074e-05 2.355e-05 4.46927e-06 4.39379e-06 7.76773e-06 3.92094e-06 1.69336e-06 7.49911e-07
threshold=0.0079269409179687517 0.047293392941355712 0.77809026837348949 1.1421983838081362 -0.38117404282093043 0.27972273528575903 0.36196315288543707 1.3062299489974978 0.53399294614791881 0.17521047592163089 0.0074915362056344756 1.0557178258895876 0.66468489170074474 1.1790702939033511 0.46344844996929174 1.0557178258895876 1.7206747531890871 0.71321684122085582 1.8063783645629885 0.9137232005596162 1.816181540489197 2.7104513645172124 0.005138327833265067 -0.0036251385463401671 0.0029431689763441686 1.3551879525184634 0.0024744550464674835 0.15896669030189517 0.010356012731790544 0.0043905598577111968
decision_type=10 8 10 10 8 10 8 10 10 10 10 10 10 10 8 8 10 10 8 2 10 10 10 10 10 10 10 10 10 10
left_child=17 2 12 4 -4 -3 -7 -5 15 -8 -11 13 14 -12 20 -6 19 25 24 -15 21 -2 28 -24 -19 -1 -27 29 -17 -22
right_child=1 5 3 7 8 6 9 -9 -10 10 11 -13 -14 16 -16 22 -18 18 -20 -21 27 -23 23 -25 -26 26 -28 -29 -30 -31
leaf_value=-0.051054275645980529 -0.051295405782925733 -0.052160272988071056 0.065126659206895893 0.045337384387084713 -0.055840576033889144 -0.051666195367930615 0.063962462206451798 0.068966872417531827 -0.11398290333608051 0.055880897417510657 0.062703439555194751 0.058933372773801763 -0.065770622063639525 0.060964717651781575 -0.057322161478278483 -0.051072601448025827 0.061532623719785053 -0.051039311207250228 -0.053632252015990145 0.061189004762131419 -0.051040249578955137 -0.052178376744117731 -0.051191284750856131 -0.05185296236719588 -0.051346841020596279 -0.051045441689110793 -0.05149688227572994 -0.051310210971605166 -0.051279768942092921 -0.0511659928748599
leaf_weight=8.5665315464138931 0.2882069591432832 0.24411079101264377 1.6626957654953003 6.149192847311495 0.37584570795297856 0.24338681250810523 15.354995489120482 7.2893397808074951 0.26533556915819656 4.4224296528846017 17.688648700714111 14.104904927313326 0.22006496973335732 12.377776861190798 0.20175471901893627 0.20543319359421741 11.334376215934752 0.31904591619968492 0.20890551805496216 15.323102712631224 0.35934947244822979 0.21442665718495846 0.2206079922616514 0.34441701881587183 0.18761422485113144 0.2407336328178652 0.15771212801337242 0.28897072561085224 0.1897429134696722 0.17696219496428967
leaf_count=424 12 7 1 16 6 9 10 4 2 6 12 12 2 9 2 10 8 16 4 11 18 6 10 11 8 12 6 12 8 8
internal_value=0.0480939 0.0568615 0.0376623 0.0472496 0.00235302 0.0607506 0.061054 0.0581545 -0.0628241 0.0613568 0.0608251 0.0611338 -0.053856 0.061681 -0.052142 -0.0526641 0.0612177 -0.0511221 -0.0518769 0.0610888 -0.0513549 -0.0516721 -0.0514207 -0.0515946 -0.0511532 -0.0510618 -0.0512241 -0.0511617 -0.0511721 -0.0510817
internal_weight=119.227 109.546 18.4523 16.7026 3.26408 91.0937 90.8496 13.4385 1.60138 90.6062 75.2512 70.8288 1.74974 56.7239 1.52967 1.33605 39.0353 9.68054 0.715566 27.7009 1.32792 0.502634 0.960201 0.565025 0.50666 8.96498 0.398446 0.825282 0.395176 0.536312
internal_count=682 212 128 68 48 84 77 20 47 68 58 52 60 40 58 45 28 470 28 20 56 18 39 21 24 442 18 38 18 26
is_linear=0
shrinkage=0.05


Tree=32
num_leaves=31
num_cat=0
split_feature=8 18 1 8 10 18 13 5 0 5 13 10 5 11 8 14 8 8 14 20 14 18 16 14 19 9 11 8 9 5
split_gain=38.1154 5.98016 5.14711 4.66132 1.38856 7.62008 1.84919 0.550536 0.660576 0.198857 0.189241 0.146303 0.116578 0.0691306 0.063261 0.0124224 0.0109774 0.00461924 0.00214543 0.00185279 0.000682602 0.000493358 0.000191904 0.000171134 4.6952e-05 1.56743e-05 8.98014e-06 7.30555e-06 4.95035e-06 4.08087e-06
threshold=0.0079269409179687517 0.019239347428083423 1.0000000180025095e-35 0.064018703997135176 0.0070683797821402558 0.22868979722261432 0.53470164537429821 -2.4967874288558956 0.60042887926101696 -1.3612381219863889 2.4972971677780156 0.014875650405883791 0.030288726091384891 1.4595060348510744 0.014730708207935097 0.53684413433074962 0.027454364113509658 0.039662964642047889 0.30367042124271398 0.73424538969993602 0.358546793460846 0.22868979722261432 0.71780118346214306 -0.076865881681442247 0.92025464773178112 0.006125346291810275 0.72407138347625744 0.013528712559491398 0.0049993237480521211 1.3551879525184634
decision_type=10 2 10 8 10 2 10 10 10 8 8 10 8 10 10 10 10 8 10 2 10 2 10 10 2 10 10 10 10 10
left_child=21 2 -2 4 5 9 28 -8 -9 -3 16 -10 13 14 -13 -16 20 19 23 -17 27 25 24 -11 -21 29 -25 -4 -6 -1
right_child=1 3 10 -5 6 -7 7 8 11 18 -12 12 -14 -15 15 17 -18 -19 -20 22 -22 -23 -24 26 -26 -27 -28 -29 -30 -31
leaf_value=-0.051001969061790234 0.062085748996445228 -0.099527106388993383 -0.05105041370642243 -0.058824206560762794 -0.050996833972647239 0.060777657983569072 -0.056349721396151159 -0.051502330779741992 0.070768808647693623 -0.052660290790068114 -0.094920946304900639 0.054735529386102599 0.050971032810770978 0.064492069922138837 0.062495448633204366 0.059789974960391692 -0.060759526831416381 0.061566751296175427 -0.056905164534367558 0.060538666558859228 -0.054319706710223709 -0.053821357160639953 0.060723221249150063 -0.051185580485946215 0.060390359514165284 -0.051515984791882664 -0.051595000641264412 -0.051325516256231031 -0.051363712458433144 -0.051184048009276173
leaf_weight=8.5802198853343654 1.4617635011672967 0.27896294370293617 0.57821920141577743 0.85391958989202876 0.17235672660171886 7.4317139443010092 0.099986426532267525 0.13018330931663413 3.8281102180480948 0.38377796113491025 0.34510173648595799 4.4627702943980827 2.9274994917213766 12.834844484925268 10.17787444591522 10.612013991922153 0.46504236198961724 9.7915207147598107 0.26306116208434094 10.721462130546572 0.20732236281037331 0.15961720608174879 10.833778619766234 0.4210961535572989 10.625642061233519 0.15479971282184202 0.1963974591344595 0.41419415362179279 0.19708093069493771 0.31918017193675119
leaf_count=446 1 2 29 14 9 8 1 5 2 10 5 7 4 9 7 9 7 7 3 8 4 3 8 19 8 6 7 17 8 15
internal_value=0.0462743 0.0551793 -0.00930315 0.0574814 0.0585117 0.0397828 0.0604346 0.0609084 0.0610432 -0.0613174 -0.0612235 0.061212 0.0607712 0.0611295 0.0604875 0.0608965 -0.0542382 0.0605871 -0.0528869 0.0603629 -0.0517103 -0.0510658 0.0605518 -0.0518311 0.0604648 -0.0510172 -0.0513158 -0.0511652 -0.0511925 -0.0510085
internal_weight=109.93 100.716 3.47164 97.2441 96.3901 8.97501 87.4151 87.0457 86.9457 1.5433 2.00988 86.8155 82.9874 80.0599 67.2251 62.7623 1.66478 52.5844 1.26433 42.7929 1.19974 9.21382 32.1809 1.00127 21.3471 9.0542 0.617494 0.992413 0.369438 8.8994
internal_count=688 218 63 155 141 49 92 75 74 41 62 69 67 63 54 47 57 40 39 33 50 470 24 36 16 467 26 46 17 461
is_linear=0
shrinkage=0.05


Tree=33
num_leaves=31
num_cat=0
split_feature=8 10 18 18 1 3 4 14 11 5 13 8 5 14 13 8 12 5 14 10 18 14 5 20 8 5 9 14 18 14
split_gain=35.8904 4.63961 5.7099 2.24671 5.66897 0.55591 1.91509 1.16045 2.7229 0.174318 0.148152 0.0717621 0.0525998 0.0447609 0.0113044 0.00993709 0.00711056 0.00622068 0.00212055 0.000670733 0.000423513 0.000283591 0.000210514 0.000150685 5.73269e-05 2.56324e-05 1.35779e-05 7.47878e-06 4.29178e-06 1.9446e-06
threshold=0.0084337433800101298 0.0070683797821402558 0.22868979722261432 0.015866636298596862 3.7140827178955083 2.6435132026672368 0.52129530906677257 0.92801815271377575 1.9428514242172243 -1.3612381219863889 2.4972971677780156 0.01397939119488001 0.030288726091384891 0.15564228594303134 1.2015500068664553 0.025401378050446514 0.66468489170074474 -0.55013331770896901 0.30367042124271398 0.029185163788497451 0.22868979722261432 -0.3792771697044372 -1.2185195088386533 0.88729161024093639 0.018171596340835098 -0.34227228164672846 0.006354883313179017 0.065857388079166426 0.13098435848951342 -0.28571015596389765
decision_type=10 8 2 2 8 10 10 10 10 8 10 10 8 10 10 8 10 10 10 10 2 8 8 2 10 8 10 10 2 8
left_child=19 2 9 4 10 6 -5 8 16 -2 15 -8 13 -13 -15 24 22 23 21 20 26 -11 -7 -16 -3 -23 29 28 -27 -1
right_child=1 3 -4 5 -6 7 11 -9 -10 18 -12 12 -14 14 17 -17 -18 -19 -20 -21 -22 25 -24 -25 -26 27 -28 -29 -30 -31
leaf_value=-0.051116203126994553 -0.095261454100447215 -0.051065393790728476 0.046161993947434928 -0.051882227557162576 0.061125218526062314 -0.053287248314376694 0.06551746351773749 0.060357248291502713 0.059929238523121757 -0.053247983466129224 -0.095912178549564797 0.063516938776596588 0.055387246209436858 0.058236044360864471 0.059754057459183711 -0.061520003246269099 -0.061402225314340336 0.061069718750627888 -0.055900369223601844 -0.054350051576501093 -0.053623210080772435 -0.051772655033857487 -0.051115038954220982 0.059993955005992444 -0.052175644678736012 -0.050982504235333043 -0.051439752519442883 -0.051418346868489478 -0.051247619665457191 -0.05095200776329039
leaf_weight=0.18435487896203995 0.27693045325577259 0.34096176922321231 3.893364442512393 0.37978058122098346 2.7755813598632812 0.20237839035689831 6.9565101452171794 3.9649449586868286 1.2889193296432495 0.20473350025713444 0.30890286713838577 10.808571750298148 5.2680989094078461 7.8709698244929305 17.828909158706661 0.46425707451999165 0.37591490894556046 16.285551190376289 0.35208149813115586 0.15297622606158334 0.15237944386899549 0.17944625020027161 0.24848221428692263 10.343116998672484 0.17642875202000141 0.56332668103277661 0.14734522625804025 0.17264073714613914 0.20939781703054905 8.2420915942639024
leaf_count=9 2 17 11 12 2 5 6 3 1 4 3 9 10 8 14 4 3 12 5 4 3 6 12 8 6 30 6 7 9 450
internal_value=0.0449191 0.0542093 0.0111319 0.0571443 0.0208682 0.058947 0.0601148 0.0444015 0.0144995 -0.0585034 -0.0657125 0.0606792 0.0601872 0.0605877 0.0599826 -0.0562093 -0.0563241 0.0602918 -0.05245 -0.0510679 -0.0510104 -0.0515364 -0.0520901 0.0598421 -0.051444 -0.0512248 -0.0509639 -0.0511208 -0.0510543 -0.0509556
internal_weight=100.619 91.7402 5.85192 85.8883 4.06613 81.8221 75.7415 6.08064 2.11569 1.95856 1.29055 75.3617 68.4052 63.1371 52.3285 0.981648 0.826776 44.4576 1.68163 8.87915 8.72617 1.32954 0.450861 28.172 0.517391 1.12481 8.57379 0.945365 0.772724 8.42645
internal_count=681 209 74 135 32 103 79 24 21 63 30 67 61 51 42 27 20 34 61 472 468 56 17 22 23 52 465 46 39 459
is_linear=0
shrinkage=0.05


Tree=34
num_leaves=31
num_cat=0
split_feature=8 12 3 10 14 6 11 19 6 14 8 1 18 15 18 2 10 18 18 15 11 18 5 9 10 8 5 11 9 8
split_gain=32.9134 6.59329 2.78851 1.13685 1.28289 3.37909 6.00836 0.345231 0.704731 0.51058 0.183414 0.180423 0.0538856 0.0234418 0.00793012 0.00520118 0.00213492 0.000630094 0.00036193 0.000156196 5.28829e-05 3.55765e-05 1.57134e-05 1.14938e-05 4.35578e-06 3.26315e-06 2.91501e-06 4.72391e-06 1.26469e-06 1.16987e-06
threshold=0.0079269409179687517 0.28138551115989691 0.7251882553100587 0.053268404677510268 0.072541415691375746 0.24927350878715518 0.71099957823753368 0.46755480766296392 0.19436165690422061 0.97896605730056774 0.064018703997135176 0.57367956638336193 0.31179690361022955 0.4198272973299027 0.26702338457107549 0.71483018994331371 0.019204679876565937 0.12650259584188464 0.22868979722261432 0.56432795524597179 0.44269835948944097 0.059267282485961921 -1.1544392704963682 0.006354883313179017 0.0095584369264543074 0.014730708207935097 1.3551879525184634 0.13417097181081775 0.005138327833265067 0.026096948422491554
decision_type=10 8 10 8 10 10 10 2 10 8 8 8 2 10 2 10 8 2 2 10 8 2 8 10 10 10 10 8 10 10
left_child=18 20 21 4 5 6 -4 -6 9 -9 12 -8 13 -5 16 17 -13 19 23 -15 22 24 -2 26 -3 28 -1 -28 -24 -27
right_child=1 2 3 10 7 -7 11 8 -10 -11 -12 14 -14 15 -16 -17 -18 -19 -20 -21 -22 -23 25 -25 -26 29 27 -29 -30 -31
leaf_value=-0.050905261103578507 -0.051548649540300966 -0.050892105403719225 0.064063642949760455 0.056272711661956069 0.067695118844622926 0.064373057166772982 -0.091399851468690896 0.020071721398661983 0.058665765734426681 0.05917037765652991 0.047482570969935509 -0.05217740300195594 0.063323966826592012 0.059244846342990314 -0.062525154749727835 0.060425212363548919 -0.057660375400407221 0.058870946688430875 -0.053435911965261533 0.059496910223286938 -0.052027844695511277 -0.051842472843984445 -0.050893617190908007 -0.051367957255505983 -0.051234325068413945 -0.051216825984412011 -0.050896962111048605 -0.051282578256922277 -0.051042423161916976 -0.051059428832906012
leaf_weight=7.6415964197367394 0.16099830716848373 0.18942637741565604 1.5975776910781925 6.3239812813699237 3.5387351512908927 3.2328248023986816 0.58665343560278382 2.6404996644705503 7.601229215040803 1.2211409807205216 3.2136403173208228 0.429984461516142 8.9417402744293195 15.962547779083254 0.51791195198893547 11.762093544006346 0.30239281803369511 9.7776516322046501 0.14544302783906538 9.9937398433685285 0.16806373745203029 0.23840349167585373 0.41399003751575791 0.14035006798803795 0.18262379616498947 0.18053350038826466 0.19043765775859345 0.1362361554056406 0.21795885823667049 0.34112378396093845
leaf_count=438 6 11 1 8 2 2 6 20 10 1 6 14 6 13 4 9 4 9 3 8 5 8 24 6 8 8 11 6 11 17
internal_value=0.0445828 0.0533711 0.0551278 0.0558695 0.0459331 0.0276841 -0.00685029 0.0540437 0.0498293 0.0324356 0.0591331 -0.0685237 0.0597296 0.0591325 -0.0577899 0.0595132 -0.0544413 0.059213 -0.0509638 0.0593419 -0.0511927 -0.0513656 -0.0510859 -0.0509194 -0.0510601 -0.0510213 -0.0509115 -0.0510578 -0.0509449 -0.0511139
internal_weight=97.9915 89.7375 88.2548 87.6443 21.669 6.66735 3.43452 15.0016 11.4629 3.86164 65.9754 1.83694 62.7618 53.82 1.25029 47.496 0.732377 35.7339 8.25406 25.9563 1.48267 0.610454 1.3146 8.10862 0.37205 1.15361 7.96827 0.326674 0.631949 0.521657
internal_count=685 221 150 123 64 31 29 33 31 21 59 28 53 47 22 39 18 30 464 21 71 27 66 461 19 60 455 17 35 25
is_linear=0
shrinkage=0.05


Tree=35
num_leaves=31
num_cat=0
split_feature=2 0 4 21 6 10 14 1 0 2 4 14 10 12 12 10 4 4 9 10 21 13 8 9 11 2 8 6 8 14
split_gain=31.3367 7.86094 2.26663 3.78547 1.73145 0.640149 1.6833 1.69971 5.24753 0.171693 0.041164 0.114447 0.0241281 0.0104777 0.00568441 0.00469672 0.00289076 0.000622557 0.000383262 0.000237257 7.33276e-05 4.74298e-05 4.02279e-05 2.40847e-05 9.87855e-06 5.84719e-06 4.59609e-06 3.74386e-06 2.90319e-06 1.53817e-06
threshold=1.421582877635956 0.60042887926101696 0.47004961967468267 0.53125000000000011 0.080084040760993971 0.053268404677510268 0.072541415691375746 0.50870239734649669 2.7742373943328862 0.59725666046142589 1.1790702939033511 0.65390074253082286 0.072134710848331465 0.72397404909133922 1.9621576070785525 0.034201845526695258 0.35499350726604467 1.0563238859176638 0.012286961544305088 0.19053936004638675 0.15625000000000003 0.7682541310787202 0.016288487240672115 0.0082177738659083861 1.3686011433601382 1.9018318057060244 0.006369431735947729 0.095049463212490096 0.0095551647245883959 0.080020353198051467
decision_type=8 10 10 2 10 8 10 10 10 8 10 10 8 10 8 8 10 8 10 10 2 10 10 10 10 10 10 10 10 10
left_child=1 17 3 16 -4 6 7 -6 9 -9 12 -12 -7 21 18 -11 22 20 -14 -13 24 23 28 26 -1 -25 -2 -28 -3 -29
right_child=13 2 4 -5 5 10 -8 8 -10 15 11 19 14 -15 -16 -17 -18 -19 -20 -21 -22 -23 -24 25 -26 -27 27 29 -30 -31
leaf_value=-0.051247233913161543 -0.05085644723901115 -0.050875319804962731 -0.053187824482306995 0.063409818381711933 0.063821143296264413 0.06192423648398955 0.058412660060850045 -0.094193255690338359 0.063190931484953819 -0.054969021453834081 0.050726956483411557 0.058756826435033431 0.058870078036997842 -0.059687300584048225 0.060008141173274999 -0.06256803154597057 -0.056094557806778057 -0.053843592049182543 0.058404162495317352 0.059068553381167191 -0.051917392253860176 -0.05181205764922843 -0.051834531315698699 -0.051462497328244705 -0.05088046532637034 -0.051072710434418536 -0.05117249634346082 -0.05089401365009949 -0.051127661950992193 -0.051076939134655081
leaf_weight=0.22119900211691712 5.9077955344691864 0.53903971426188857 0.35828131996095081 1.5548813343048096 1.5819842815399194 11.120436072349548 10.736584670841692 0.49757032096385945 1.5401154756546021 0.58927857317030552 5.1620466299355057 16.552179217338566 8.3472015857696586 0.3565094582736491 12.751945018768309 0.31047122180461773 0.44179193489253521 0.23661595769226562 9.3670698385685665 9.6699197292327863 0.22663438320159923 0.14367470517754544 0.14933539368212223 0.20432936213910569 1.0797945391386745 0.18183230049908161 0.18960547633469094 0.66663406230509281 0.14454693347215652 0.13885706104338169
leaf_count=10 357 32 8 1 1 8 13 2 1 15 8 14 7 7 10 2 8 4 9 8 7 5 5 8 64 9 9 39 7 7
internal_value=0.045028 0.0530816 0.0550992 0.0110467 0.0565063 0.0569517 0.0476371 0.0220382 -0.000464377 -0.0706248 0.0588991 0.0575321 0.0599308 -0.051314 0.0592032 -0.0575912 -0.0528252 -0.0514571 0.0586237 0.0588718 -0.0510874 -0.0509124 -0.0510911 -0.0508947 -0.0509428 -0.051279 -0.0508732 -0.0509726 -0.0509287 -0.0509255
internal_weight=100.968 93.1789 91.4147 2.8296 88.5851 88.2268 15.256 4.51942 2.93744 1.39732 72.9708 31.3841 41.5867 7.78924 30.4662 0.89975 1.27471 1.76424 17.7143 26.2221 1.52763 7.43273 0.832922 7.28905 1.30099 0.386162 6.90289 0.995097 0.683587 0.805491
internal_count=685 244 159 53 106 98 34 21 20 19 64 30 34 441 26 17 52 85 16 22 81 434 44 429 74 17 412 55 39 46
is_linear=0
shrinkage=0.05


Tree=36
num_leaves=31
num_cat=0
split_feature=9 15 16 10 5 21 6 2 6 6 8 10 7 9 14 16 12 10 14 15 14 14 18 14 14 10 11 11 5 8
split_gain=32.7059 4.19146 5.6321 1.61228 1.84658 4.40053 0.580076 0.18827 0.106383 0.029128 0.193298 0.0239501 0.014981 0.0147434 0.00513479 0.00463793 0.00335364 0.00251634 0.00101396 0.00093274 0.000715232 0.000154331 9.79522e-05 7.54814e-05 2.26781e-05 1.95951e-05 2.34491e-05 1.46585e-05 1.37126e-06 1.04416e-06
threshold=0.0044648572802543649 0.66597792506217968 0.76530474424362194 0.044187704101204879 -0.30101299285888666 0.53125000000000011 0.080084040760993971 0.23082020133733752 0.24726310372352603 0.081471893936395659 0.13672816380858424 0.039422288537025459 0.16080180555582049 0.0059111199807375678 -0.36968018114566797 0.74301347136497509 1.9621576070785525 0.039422288537025459 0.30367042124271398 0.49400150775909429 0.18453286588191989 -0.19000101834535596 0.17117925733327868 1.0550517439842226 -0.057295486330986016 0.01836439780890942 0.16432424634695056 0.72407138347625744 0.023759424686431888 0.017620372585952285
decision_type=10 8 10 8 10 2 10 10 10 10 8 10 10 10 8 10 8 10 10 10 10 10 2 10 10 10 10 10 10 10
left_child=17 3 11 4 -2 8 -5 -4 14 -8 12 20 -11 -14 -6 16 19 22 27 -15 21 -3 25 -21 -23 -1 -27 29 -26 -16
right_child=1 2 7 6 5 -7 9 -9 -10 10 -12 -13 13 15 18 -17 -18 -19 -20 23 -22 24 -24 -25 28 26 -28 -29 -30 -31
leaf_value=-0.050819838795621103 0.05142304105571021 -0.052512094271430304 0.062966616462252503 -0.052167932948991719 -0.059806926408244615 0.062585902141388206 0.065305846910253249 0.038953117946775973 -0.08904195143359267 0.060934403953351583 -0.051050203328015735 -0.063711603513849011 0.054577414153928985 0.057556893338811324 -0.050847584199959363 0.059416892788874277 0.059029485769669245 -0.054483105941216338 -0.055046102611385643 0.058323616689378015 -0.054533194471082319 -0.051569528251984326 -0.052223775642992354 0.058146687123002173 -0.051025353792678946 -0.050815863095580463 -0.051662471362917385 -0.051473617668651973 -0.050824331312563448 -0.051003418183511763
leaf_weight=7.3161786207929236 6.3495851792395115 0.35977783799171414 1.5247316360473635 0.11799319833516975 0.29723875410854816 1.4980237483978271 1.6731719970703114 1.7565458631142972 0.27234346978366386 6.7088507413864127 0.040148992091416313 0.7395186349749564 2.3687119279056779 6.7476485464721945 0.24510859604924895 13.419524908065794 13.107452034950255 0.5106839733198284 0.21855791658163071 10.266029477119448 0.2887773048132658 0.24578169081360068 0.12945121433585871 14.602471113204954 0.20801374036818698 0.17360631190240372 0.1546497717499733 0.16138168051838875 0.14325983170419931 0.19145961478352547
leaf_count=462 12 9 1 3 3 1 1 17 2 5 2 7 6 8 15 11 11 12 3 9 5 10 5 13 11 11 6 6 9 10
internal_value=0.0436754 0.0530711 0.00989359 0.0559758 0.0363535 0.00317682 0.0585997 0.0501116 -0.0610298 0.0587893 0.0586272 -0.056584 0.0586927 0.0584441 -0.0541801 0.0586017 0.058357 -0.0510832 -0.0521317 0.0580783 -0.0523523 -0.0516941 -0.0508599 0.0582197 -0.0512011 -0.0508368 -0.0512147 -0.0510664 -0.0509434 -0.0509159
internal_weight=91.8367 83.5521 5.26641 78.2857 9.2337 2.88411 69.052 3.28128 1.38609 68.934 67.2608 1.98513 67.2207 60.5118 1.11375 58.1431 44.7236 8.28457 0.816508 31.6161 1.24561 0.956833 7.77389 24.8685 0.597055 7.64443 0.328256 0.59795 0.351274 0.436568
internal_count=686 190 69 121 52 40 69 18 39 66 65 51 63 58 37 52 41 496 34 30 44 39 484 22 30 479 17 31 20 25
is_linear=0
shrinkage=0.05


Tree=37
num_leaves=31
num_cat=0
split_feature=9 10 0 13 15 18 4 7 8 10 17 6 10 14 16 5 1 2 18 18 10 6 4 14 9 0 20 18 11 14
split_gain=30.7302 4.0876 3.6461 2.8547 1.44431 1.27648 0.747011 0.385159 0.148591 0.0414166 0.0189183 0.00312165 0.00155086 0.00129152 0.000987468 0.000822784 0.000432154 0.000320167 8.38689e-05 4.20099e-05 1.90721e-05 2.30695e-05 1.63036e-05 1.43705e-05 1.19923e-05 2.69136e-06 1.49511e-06 1.42812e-06 4.03683e-06 4.45143e-07
threshold=0.0044648572802543649 0.01546991663053632 1.3798909187316897 0.77809026837348949 0.27972273528575903 0.015866636298596862 0.47004961967468267 0.11138081550598146 0.041206646710634239 0.06912586092948915 0.72304400801658641 0.12885856628417972 0.039422288537025459 0.065857388079166426 0.74301347136497509 -0.08898009359836577 0.98765379190444957 0.59725666046142589 0.17117925733327868 0.20507160574197772 0.01836439780890942 0.13885121792554858 1.0563238859176638 0.14804109930992129 0.0086068282835185545 0.68228098750114452 0.89662855863571178 0.090378891676664366 0.65215480327606212 0.17490468919277194
decision_type=10 8 10 10 10 2 10 10 8 8 10 10 10 10 10 8 8 10 2 2 10 10 10 10 10 10 2 2 10 10
left_child=12 2 11 13 -3 -6 -7 -8 9 10 -9 -2 18 24 16 -13 17 22 20 23 27 -22 -11 25 26 -17 -4 29 -29 -1
right_child=1 4 3 -5 5 6 7 8 -10 14 -12 15 -14 -15 -16 19 -18 -19 -20 -21 21 -23 -24 -25 -26 -27 -28 28 -30 -31
leaf_value=-0.050773051789263862 -0.057070924942611491 -0.051725898461356834 -0.050992130785890766 0.048953207297035783 0.025472924505804375 -0.051900762845948523 -0.054540674692175807 0.059062579994849575 0.051200870087057773 0.057681765748703519 0.062320213525532533 -0.054687022205370063 -0.05389612938531918 -0.056101445230545367 0.058286097907592649 -0.050861294510135019 0.057444311058395862 0.058080068381239407 -0.052109752892328047 -0.051968631140265467 -0.050784692175903368 -0.051613800246358081 0.057766630181839668 -0.051561709431907743 -0.051340520056029806 -0.051122659858528721 -0.050807427669368424 -0.050779046805195308 -0.051088820663475178 -0.050866135697149928
leaf_weight=6.2200984293594948 0.48553361557424046 0.31111287605017324 0.18668964970856894 4.8942746389657259 3.2408843431621781 0.15570853650569816 0.076321907341479256 9.2001748662442058 7.6013673339039078 10.763087391853331 8.644169092178343 0.24444324895739555 0.43439774960279454 0.15480867773294449 10.192762970924376 0.24309166334569454 9.6827662978321296 8.9107939004898054 0.12425119522958983 0.19611902162432671 0.18218937702476967 0.15551327355206013 11.935144066810606 0.1352944653481245 0.21067319996654987 0.16558784898370504 0.26520427782088518 0.40737367700785387 0.14176978729665279 0.13114499673247326
leaf_count=415 6 11 10 9 15 5 1 12 13 10 6 5 12 3 9 15 10 8 5 6 12 6 11 5 9 8 17 27 7 8
internal_value=0.0441422 0.0525811 0.0164334 0.0345076 0.0557974 0.0562135 0.0575046 0.0577258 0.0578372 0.0585648 0.0606406 -0.05379 -0.050993 -0.0519897 0.0578454 -0.0521719 0.0577366 0.0578261 -0.0508217 -0.0513412 -0.0507996 -0.0511665 0.0577264 -0.0511151 -0.051029 -0.0509672 -0.0508837 -0.0507817 -0.050859 -0.050775
internal_weight=95.6928 87.896 7.18172 5.71165 80.7143 80.4032 77.1623 77.0066 76.9303 69.3289 17.8443 1.47007 7.79674 0.817376 51.4846 0.984536 41.2918 31.609 7.36234 0.740093 7.23809 0.337703 22.6982 0.543974 0.662567 0.40868 0.451894 6.90039 0.549143 6.35124
internal_count=696 204 93 48 111 100 85 80 79 66 18 45 492 39 48 39 39 29 480 34 475 18 21 28 36 23 27 457 34 423
is_linear=0
shrinkage=0.05


Tree=38
num_leaves=31
num_cat=0
split_feature=2 0 8 15 7 12 6 12 15 18 0 10 1 2 3 18 14 9 4 12 12 18 9 2 9 13 10 4 18 8
split_gain=26.8972 6.7274 3.31233 0.987079 2.72806 4.15552 0.922397 0.284978 0.643142 0.337564 0.127783 0.0607335 0.056038 0.0104672 0.00309905 0.000977543 0.0013047 0.000605873 0.000424181 0.000340691 0.000201608 3.70023e-05 3.35354e-05 1.20662e-05 8.39132e-06 6.85685e-06 4.14389e-06 3.84289e-06 2.99534e-06 9.04794e-07
threshold=1.421582877635956 0.60042887926101696 0.0084337433800101298 0.64646530151367199 0.25109304487705236 2.7925360202789311 0.080084040760993971 1.0622712373733523 0.6031283736228944 0.034048175439238555 2.0351946353912358 0.027839835733175281 1.3472852706909182 1.4755778312683108 1.1421983838081362 0.12650259584188464 1.0550517439842226 0.0040103129576891669 1.0563238859176638 0.78490754961967479 1.7654069066047671 0.11933107301592828 0.0048106792382895955 1.816181540489197 0.0045639211311936387 0.6629963517189027 -0.0015389760374091563 1.7038725018501284 0.018663325347006324 0.0055617492180317649
decision_type=8 10 10 8 10 10 10 8 10 2 10 8 10 8 10 2 10 10 8 10 10 2 10 10 10 10 8 10 2 10
left_child=1 18 17 6 5 11 -4 8 9 -8 -6 20 14 -2 -9 16 -16 28 21 22 -5 24 25 -24 -1 -15 -26 29 -3 -25
right_child=13 2 3 4 10 -7 7 12 -10 -11 -12 -13 -14 19 15 -17 -18 -19 -20 -21 -22 -23 23 27 26 -27 -28 -29 -30 -31
leaf_value=-0.050732675671743666 -0.059878753666824526 -0.050740825072658008 -0.053192626296669467 -0.054196058951091509 0.046903533692881721 0.06026730456328059 0.051268660755266093 0.058335158602924986 0.060346105306786538 0.025338281177555523 0.059855195251971249 -0.074237832587469438 0.061969527113380898 -0.050736290619921513 0.058071720917572539 0.056994839865978975 0.057277844656198097 -0.054283015561222087 -0.053535953264187176 -0.053449963512138245 -0.05247960890367416 -0.05153177421226314 -0.051327453141814375 -0.050740351890834895 -0.050778401029496351 -0.051023700879160944 -0.051111933107495913 -0.051145377830508543 -0.05101356277644617 -0.050905912109133512
leaf_weight=0.72589484509080493 0.33660083450376888 0.45964424405246873 0.190803162753581 0.32020056061446667 3.1090820264071208 1.3178935050964355 2.211506634950636 13.339671850204466 6.3874017000198364 2.9021886307746172 4.9150485992431641 0.69510861299931914 9.3098056316375715 5.4264135966077447 8.8775378465652519 9.3177890703082067 12.41050064563751 0.15854066424071789 0.1791551709175111 0.12284658011049021 0.36732659954577684 0.22938539553433668 0.3135628243908285 0.11487108469009399 0.13425851427018642 0.21577161643654097 0.30397152993828058 0.16480524837970734 0.1288998331874609 0.29305360652506351
leaf_count=51 5 32 4 6 13 1 5 12 5 11 4 5 7 380 8 10 12 3 3 4 12 9 14 8 9 12 15 8 7 17
internal_value=0.0426992 0.0511193 0.0532259 0.0542603 0.0402073 -0.00326167 0.0565808 0.0569043 0.0497668 0.0365523 0.0548369 -0.0638159 0.0584457 -0.0512766 0.0576992 0.057422 0.0576089 -0.0515396 -0.0512458 -0.0508413 -0.053279 -0.0509513 -0.0507922 -0.0510781 -0.050837 -0.0507473 -0.0510098 -0.0509416 -0.0508006 -0.0508593
internal_weight=84.9795 77.9916 76.4189 75.6719 10.7247 2.70053 64.9472 64.7564 11.5011 5.1137 8.02413 1.38264 53.2553 6.98793 43.9455 30.6058 21.288 0.747085 1.57267 6.65132 0.687527 1.39351 6.52848 0.886293 1.16412 5.64219 0.43823 0.57273 0.588544 0.407925
internal_count=692 244 157 115 41 24 74 70 21 16 17 23 49 448 42 30 20 42 87 443 18 84 439 47 75 392 24 33 39 25
is_linear=0
shrinkage=0.05


Tree=39
num_leaves=31
num_cat=0
split_feature=13 0 10 2 4 18 17 2 11 8 10 14 10 7 19 19 3 1 18 21 9 0 15 8 2 10 2 8 11 8
split_gain=25.6302 5.74542 1.47327 6.27461 1.09199 0.492341 0.343191 0.154029 0.109471 0.0997536 0.0425149 0.0377167 0.00287191 0.00280668 0.00190285 0.000563434 0.000431594 0.000180926 0.000142386 3.74442e-05 3.36086e-05 2.33421e-05 8.90619e-06 7.01239e-06 3.76361e-06 2.82036e-06 1.62585e-06 8.74302e-07 8.73139e-07 6.84029e-07
threshold=0.62525090575218212 0.60042887926101696 0.011109471321105959 1.3062299489974978 0.47004961967468267 0.015866636298596862 0.5574527680873872 1.3314796686172488 0.72407138347625744 0.019414265640079979 0.06912586092948915 0.23459656536579135 -0.021750084124505516 0.23745931684970858 0.90322247147560131 0.85794836282730114 1.2194752097129824 1.1540927886962893 0.39459246397018438 0.21875000000000003 0.0049993237480521211 3.8475639820098881 0.63339656591415416 0.010339967440813782 1.5399075746536257 0.013648764230310919 1.2279025912284853 0.0090823811478912848 0.080168895423412337 0.01443508453667164
decision_type=10 10 8 10 10 2 10 10 8 10 8 10 10 10 2 2 10 10 2 2 10 8 10 10 10 10 8 10 10 10
left_child=18 17 3 8 -4 -6 -7 -5 -3 -9 -8 -12 -10 15 -15 -13 23 19 20 22 26 24 -2 -14 -22 -24 -1 -26 -29 -28
right_child=1 2 4 7 5 6 10 9 12 -11 11 13 16 14 -16 -17 -18 -19 -20 -21 21 -23 25 -25 27 -27 29 28 -30 -31
leaf_value=-0.050845462249668155 -0.051122014437928499 -0.088856245983842883 -0.054255781670606879 0.068858719064803148 0.034802480308572532 0.03977103456789273 0.059614779686155396 0.042085095228253995 -0.057017041653384039 0.060544624364484573 0.052969136376082193 0.056347746723649061 -0.050733559783816773 0.058113447207457508 0.057130372591732453 0.056924152299165004 -0.053326809359744654 -0.052921868356376037 -0.052473446960438923 -0.05174569958373873 -0.051079171067803741 -0.05160138828222869 -0.050705174637918106 -0.051141575595264999 -0.050753982442876204 -0.05096004454957484 -0.050697975405993537 -0.050967007468027216 -0.05079101871622508 -0.050825677458034825
leaf_weight=0.20022594463080068 0.1817907067015756 0.27415666729211863 0.22690860368311305 1.8543072938919065 2.7210204005241385 2.9122847951948634 15.371142752468588 1.6109879137948155 0.44619663804769483 1.3411189317703247 6.2691301852464667 6.9152003098279264 0.24085333570838008 8.8017069697380084 11.168113827705382 10.957535326480864 0.32594138011336327 0.12038208544254292 0.12196245975792397 0.11602376401424397 0.24454302340745915 0.15204949676990509 0.80711624771356583 0.18711699265986681 0.18799375370144844 0.12541010417044163 5.4426028616726398 0.16655049100518227 0.1221799785271287 0.1069221794605254
leaf_count=13 9 3 5 1 8 11 13 16 6 1 7 8 17 8 11 11 6 3 3 4 12 6 59 9 13 7 401 9 8 7
internal_value=0.0424712 0.0510904 0.0530171 0.0298869 0.0552403 0.0556219 0.0565298 0.057565 -0.0603498 0.0504711 0.0573503 0.0565612 -0.0538377 0.0571563 0.0575637 0.0567011 -0.051956 -0.0510719 -0.0507806 -0.0508909 -0.0507494 -0.0510384 -0.0508019 -0.050912 -0.0509197 -0.0507395 -0.0507055 -0.0508379 -0.0508925 -0.0507004
internal_weight=79.7195 72.9744 71.6237 6.28068 65.343 65.1161 62.3951 4.80641 1.47427 2.95211 59.4828 44.1117 1.20011 37.8426 19.9698 17.8727 0.753912 1.35072 6.74503 1.23034 6.62307 0.873317 1.11432 0.42797 0.721267 0.932526 5.74975 0.476724 0.28873 5.54953
internal_count=695 223 141 59 82 77 69 18 41 17 58 45 38 38 19 19 32 82 472 79 469 48 75 26 42 66 421 30 17 408
is_linear=0
shrinkage=0.05


Tree=40
num_leaves=31
num_cat=0
split_feature=2 0 8 10 8 4 2 3 16 6 16 10 2 6 8 17 12 14 4 19 21 3 9 2 11 14 10 4 11 8
split_gain=24.5123 6.02159 2.51658 1.0484 3.482 0.791634 0.929227 3.29765 0.267256 0.0421359 0.03377 0.013284 0.00871884 0.00400624 0.00187143 0.00109795 0.000444719 0.000382672 0.000281665 4.13616e-05 3.72011e-05 2.83661e-05 2.83109e-05 1.30168e-05 9.02469e-06 6.42143e-06 2.6938e-06 2.66537e-06 2.44287e-06 8.04723e-07
threshold=1.3885086178779604 0.60042887926101696 0.0079269409179687517 0.053268404677510268 0.039662964642047889 0.58802539110183727 1.0939808487892153 0.73315030336380016 0.69745144248008739 0.22540333122015002 0.55816549062728893 0.06912586092948915 1.4755778312683108 0.13714036345481875 0.039662964642047889 0.69858625531196605 1.4288185238838198 0.65390074253082286 1.0563238859176638 0.90213665366172802 0.21875000000000003 1.7394055128097536 0.0049993237480521211 1.7913848757743838 1.3286049365997317 0.30367042124271398 0.0095584369264543074 1.7038725018501284 0.65215480327606212 0.0090823811478912848
decision_type=8 10 10 8 8 10 8 8 8 10 8 10 8 10 8 10 10 10 8 2 2 10 10 10 10 10 10 10 10 10
left_child=1 18 21 4 5 6 7 -4 -7 15 -5 -12 -2 -13 16 -9 -15 22 20 -18 24 -3 25 -24 -1 28 -26 29 -14 -25
right_child=12 2 3 10 -6 8 -8 9 -10 -11 11 13 17 14 -16 -17 19 -19 -20 -21 -22 -23 23 27 26 -27 -28 -29 -30 -31
leaf_value=-0.051109308342183683 -0.058929937749287543 -0.050692500726535361 0.059797160120366261 0.052354556898738615 -0.057016000720060404 0.058908405998243686 0.060145029809201014 -0.055774786615323736 0.04454190606695365 -0.07536886451569641 0.058764589189703335 0.05543713757750135 -0.050666205172854563 0.056976798816400102 0.05751109149717043 -0.051263014341672811 0.056460855012303593 -0.053677669124677377 -0.052935695479421674 0.056602000444972503 -0.051687572613670102 -0.051567033870883565 -0.051297814419484548 -0.050675259307098777 -0.050669964266382178 -0.05106653715318224 -0.050900238262288192 -0.051034042736012197 -0.050898307611943583 -0.050836662134053107
leaf_weight=0.16238556988537156 0.34648737963288923 0.46847796253859897 1.2773984670639107 4.181093117222189 0.83329794742167251 8.1214299649000132 1.3074982166290281 0.35774509701877821 5.3826898522675046 0.39015237241983414 9.0644487738609296 5.8072802480310193 4.9870089935138822 7.9887960553169313 8.2971202135086006 0.21641652006655931 9.4481469392776507 0.1114638028666376 0.18709641695022594 11.517936408519743 0.12097379006445419 0.11560339853167534 0.25585980713367451 0.11809110920876265 0.8070647744461894 0.1049780100584029 0.15072145871818066 0.14940025843679905 0.11600253731012333 0.22316732164472342
leaf_count=8 7 35 1 8 15 11 1 6 11 6 8 8 385 8 8 10 10 3 4 12 4 5 12 9 62 6 9 8 7 14
internal_value=0.0426712 0.0505717 0.0525142 0.053328 0.0427826 0.0476592 0.0266458 0.00710713 0.053182 -0.0626898 0.0566781 0.0570249 -0.0512157 0.0566586 0.0568491 -0.0540742 0.0566594 -0.0507751 -0.0511272 0.0565384 -0.0508546 -0.0508656 -0.0507207 -0.0510087 -0.0507646 -0.0506794 -0.0507062 -0.0508579 -0.0506715 -0.0507808
internal_weight=82.6162 76.2038 74.7755 74.1915 17.8866 17.0533 3.54921 2.24171 13.5041 0.964314 56.3048 52.1237 6.41246 43.0593 37.252 0.574162 28.9549 6.06597 1.42824 20.9661 1.24115 0.584081 5.95451 0.746518 1.12017 5.20799 0.957786 0.490659 5.10301 0.341258
internal_count=701 250 163 123 61 46 24 23 22 22 62 54 451 46 38 16 30 444 87 22 83 40 441 43 79 398 71 31 392 23
is_linear=0
shrinkage=0.05


Tree=41
num_leaves=31
num_cat=0
split_feature=2 4 15 13 15 7 7 12 18 2 4 6 2 20 10 12 18 15 2 18 2 10 10 5 8 14 13 10 5 8
split_gain=22.1681 9.09773 1.41578 0.930922 0.624804 1.70512 1.12717 0.314704 0.0494706 0.00793889 0.0027161 0.00185806 0.00129266 0.000516661 0.000247321 0.000106176 6.71608e-05 2.23052e-05 1.20756e-05 7.26535e-06 7.26297e-06 5.26506e-06 4.86699e-06 3.59051e-06 2.15569e-06 1.24134e-06 3.18412e-07 3.25038e-07 3.44671e-07 2.18966e-08
threshold=1.421582877635956 0.47004961967468267 0.27972273528575903 0.53470164537429821 0.64646530151367199 0.28556814789772039 0.15392713248729709 0.92643502354621898 0.31179690361022955 1.4755778312683108 0.66493415832519542 0.1363329961895943 0.68888255953788768 0.71538397669792186 -0.028187560848891732 1.4288185238838198 0.022288983687758449 0.71065410971641552 1.816181540489197 0.010848005302250387 0.39059261977672582 0.048698838800191886 0.01546991663053632 -0.49279886484146113 0.014730708207935097 0.05024372227489949 0.6629963517189027 -0.048101313412189477 0.16718482971191409 0.0085455891676247137
decision_type=8 10 10 10 10 10 10 8 2 8 10 10 10 2 8 10 2 10 8 2 10 10 10 8 10 10 10 8 10 10
left_child=1 11 -3 -4 7 6 -6 -5 10 -2 -9 -1 13 -12 -13 -15 22 -18 19 -11 -17 24 25 -21 26 29 27 28 -20 -16
right_child=9 2 3 4 5 -7 -8 8 -10 18 12 14 -14 15 16 20 17 -19 21 23 -22 -23 -24 -25 -26 -27 -28 -29 -30 -31
leaf_value=-0.055638304530691123 -0.058787914341766091 -0.051776327920660697 -0.050947987022293056 0.046764841905862713 0.051397195242729767 0.057925893203417192 -0.0083395348432442271 0.057343610998267493 0.060613332343764259 -0.050641667145861005 0.055715392846326553 -0.053277456696687979 0.056807657780830537 0.056380852713969191 -0.050627678246604552 0.056184018108430149 -0.051048611055361771 -0.051701254043803893 -0.05073577029381944 -0.051243396971128077 0.056113359876671598 -0.050998859717373252 -0.050991516000973104 -0.050913280668673559 -0.050811130438748145 -0.050811555597126662 -0.050719420058470993 -0.050630324579477741 -0.050626419218673571 -0.05064438218065586
leaf_weight=0.24648871738463585 0.3188844658434381 0.32064492348581453 0.21258603129535814 8.523479610681532 1.2466703634709104 5.962014552205801 2.1541640190407634 7.1112627387046805 8.5000711083412153 0.18698248546570528 6.3454619180411127 0.1143524507060647 8.7642288804054242 7.4602109789848354 0.77119201142340876 7.3064579367637617 0.28086264710873354 0.24521899130195379 0.15533221978694201 0.12405503075569868 7.2413454651832581 0.10582266002893437 0.11382071673870076 0.24512224365025759 0.18215399235486973 0.10604036506265391 0.11118838749825943 4.289857410825789 0.13442011270672083 0.26313206274062395
leaf_count=5 6 11 12 15 3 6 14 7 7 15 8 3 9 8 63 8 15 9 11 6 8 6 6 15 12 7 8 349 11 21
internal_value=0.0425164 0.049995 0.053051 0.0535256 0.0538401 0.0418105 0.0135586 0.0556789 0.0571198 -0.0511166 0.0564484 -0.0515547 0.0562769 0.0561129 -0.0510234 0.0562275 -0.0508786 -0.0513528 -0.0506746 -0.0508956 0.0561488 -0.0506499 -0.0506797 -0.0510242 -0.0506424 -0.0506486 -0.0506358 -0.0506338 -0.050685 -0.0506319
internal_weight=79.1435 73.2897 71.1486 70.828 70.6154 9.36285 3.40083 61.2525 52.729 5.85382 44.229 2.14111 37.1177 28.3535 1.89462 22.008 1.78027 0.526082 5.53493 0.55616 14.5478 4.97877 1.25419 0.369177 4.87295 1.14036 4.6908 4.57961 0.289752 1.03432
internal_count=684 245 116 105 93 23 17 70 55 439 48 129 41 32 124 24 121 24 433 36 16 397 97 21 391 91 379 371 22 84
is_linear=0
shrinkage=0.05


Tree=42
num_leaves=31
num_cat=0
split_feature=8 1 12 4 18 11 15 1 10 18 5 8 12 10 11 1 3 4 18 18 14 1 6 9 9 10 14 10 14 10
split_gain=20.8761 3.38578 4.26392 1.05721 3.86201 0.633627 0.265375 0.449566 0.206087 0.107921 0.0821288 0.0510361 0.0383531 0.0151739 0.0104525 0.00107906 0.000490596 0.000402467 0.000126659 2.38818e-05 1.2558e-05 6.14237e-06 4.68647e-06 4.67101e-06 4.62441e-06 1.83893e-06 1.44149e-06 1.17491e-06 8.23068e-07 5.07007e-07
threshold=0.0079269409179687517 1.6588543653488161 2.6210813522338872 0.56140393018722545 0.049156561493873603 0.017391016706824306 0.43571035563945776 1.1695659160614016 0.0070683797821402558 0.021380989812314514 -0.25320038199424738 0.01443508453667164 0.94000694155693065 0.069807022809982314 0.67430761456489574 1.696337163448334 1.0929409265518191 1.9056010246276858 0.48138153553009039 0.021380989812314514 1.0550517439842226 1.9223908185958865 0.24927350878715518 0.006354883313179017 0.0048106792382895955 0.014226516243070366 0.020523428916931156 0.017069181427359584 0.037093162536621101 -0.048101313412189477
decision_type=10 10 10 10 2 10 8 8 10 2 10 10 10 10 10 10 10 8 2 2 10 10 10 10 10 10 8 10 10 8
left_child=18 3 14 4 10 -5 -6 -8 -7 -10 -2 -11 -13 -14 15 -3 19 20 23 25 22 -17 -15 27 -23 28 -26 29 -12 -1
right_child=1 2 -4 5 6 8 7 -9 9 11 16 12 13 17 -16 21 -18 -19 -20 -21 -22 24 -24 -25 26 -27 -28 -29 -30 -31
leaf_value=-0.050681571341473275 -0.085408836942212699 -0.055182326863466052 0.056008362294836127 -0.052000647443191786 0.05824951445305529 0.045152590500504811 0.02139601193496312 0.0600994087708005 0.047927998449339655 0.060646404797816834 -0.05060860201900641 0.05220782288021536 0.05838730397593947 0.055858496123373395 -0.059623530727910837 -0.051077739864911244 -0.054209099108858086 0.056230151833091768 -0.05250197468740795 -0.051510156858934467 0.055750288927041695 -0.050616604336439601 0.055800535672150348 -0.050956430912600527 -0.050798359770689888 -0.050908588879307659 -0.050993803134923632 -0.050761585127187585 -0.05077946824327409 -0.050602152265342704
leaf_weight=0.20926465652883053 0.24270351231098164 0.16706456243991785 1.7851824164390562 0.13897846639156242 3.2969659566879272 4.9739837720990172 1.7677557449787857 1.3035956621170042 4.0325070451945058 6.2793045639991751 0.17770076170563609 6.2736384496092787 7.8483405197039238 7.0027751326561027 0.61450804397463787 0.1839006720110774 0.14414019323885441 7.3121157884597769 0.090402111411094555 0.13459691591560841 7.7622162103652945 0.33355809934437275 6.9477014541625977 0.098433495499193557 0.27008712384849787 0.11998709943145514 0.14498860575258732 0.12307174131274212 0.11680772341787815 5.0622900212183586
leaf_count=16 1 2 2 4 3 9 19 1 8 5 15 10 8 8 6 10 4 8 2 5 9 28 8 6 18 7 8 9 8 431
internal_value=0.0423654 0.0498511 0.00192516 0.0523969 0.0344602 0.0546337 0.0483982 0.0378232 0.0548873 0.0557931 -0.0603768 0.0564348 0.0558219 0.0564367 -0.0544006 -0.0514818 -0.051613 0.0559093 -0.0506456 -0.0509315 0.0558013 -0.0508188 0.0558296 -0.0506151 -0.0507552 -0.0507436 -0.0508666 -0.0506089 -0.0506764 -0.0506053
internal_weight=74.9586 69.3751 3.49929 65.8758 7.30425 58.5716 6.36832 3.07135 58.4326 53.4586 0.935936 49.4261 43.1468 36.8731 1.71411 1.0996 0.693233 29.0248 5.58346 0.549093 21.7127 0.932535 13.9505 5.49306 0.748634 0.414496 0.415076 5.39463 0.294508 5.27155
internal_count=678 214 74 140 63 77 23 20 73 64 40 56 51 41 72 66 39 33 464 35 25 64 16 462 54 30 26 456 23 447
is_linear=0
shrinkage=0.05


Tree=43
num_leaves=31
num_cat=0
split_feature=2 0 10 21 15 4 18 5 16 11 18 12 12 2 18 4 20 12 20 9 15 2 12 8 10 5 11 18 8 10
split_gain=20.725 4.92234 2.3418 6.12019 0.556805 0.438997 0.239666 0.150833 0.0462802 0.0214154 0.00963712 0.0174611 0.00987892 0.00615001 0.00272808 0.000281763 0.000271122 0.000246526 0.000108994 1.78641e-05 9.01857e-06 8.56232e-06 4.84423e-06 3.85149e-06 3.83992e-06 2.37791e-06 8.1456e-07 6.25739e-07 3.76306e-07 2.70543e-07
threshold=1.421582877635956 0.60042887926101696 0.010835790541023018 0.40625000000000006 0.27972273528575903 0.47004961967468267 0.021380989812314514 -0.49279886484146113 0.52617067098617565 1.4595060348510744 0.12263074144721033 1.5469511151313784 1.1523545384407046 1.4755778312683108 0.26702338457107549 1.0563238859176638 0.86654606461524974 0.78490754961967479 0.88729161024093639 0.0049993237480521211 0.63339656591415416 1.7913848757743838 0.66468489170074474 0.010339967440813782 0.01592288073152304 -0.60357245802879322 0.44676774740219122 0.015866636298596862 0.01443508453667164 -0.063236694782972322
decision_type=8 10 8 2 10 10 2 10 10 10 2 10 10 8 2 8 2 10 2 10 10 10 10 10 10 10 10 2 10 10
left_child=1 15 3 7 -4 -6 -7 -3 -8 10 12 -12 -10 -2 16 20 -9 19 -14 22 -1 -21 26 27 -22 -23 28 -18 -15 -27
right_child=13 2 4 -5 5 6 8 14 9 -11 11 -13 18 17 -16 -17 23 -19 -20 21 24 25 -24 -25 -26 29 -28 -29 -30 -31
leaf_value=-0.050991524926433142 -0.058343426951556865 -0.094887501052095632 -0.051483724623282226 0.060867764356219559 -0.051457744590456968 0.045249884470107478 0.051381839024597989 -0.052327922405935104 0.057738801220793307 0.058410036904131817 0.052413149871470437 0.055885540476073685 0.055495867377519062 -0.050569631192923861 -0.056211382183504278 -0.052858570028613411 -0.050576752249100791 -0.053209640343691446 0.055759271993715546 -0.051115935354084201 -0.050579148837237034 -0.05091133937005652 -0.050875347189041797 -0.050923255500921985 -0.05088706648921363 -0.05058524764340111 -0.050713388002520857 -0.05071259288415552 -0.050674232667814546 -0.050688331474272236
leaf_weight=0.21306772250681982 0.27460553590208192 0.24927425384521473 0.1242004781961431 2.9297314248979092 0.097617694176732495 6.0967384502291671 5.5897119417786589 0.41863761004060573 8.2438830137252825 8.8519461750984174 5.3367660436779287 11.256863594055174 9.1510141491889971 4.1422438127920032 0.40247371792793263 0.17834796011447918 0.37120814807713032 0.093599759973585495 6.8800196051597586 0.22243687510490406 0.67636941280215979 0.13249082956463099 0.13873543124645937 0.12109658308327198 0.11907457746565342 0.090937789529561996 0.10408344492316235 0.10986755881458521 0.087804117240011581 0.21211149916052818
leaf_count=12 5 1 5 3 4 13 9 15 8 8 9 13 11 372 6 4 33 3 8 12 60 8 9 7 7 8 8 8 7 16
internal_value=0.0422855 0.0498985 0.0517071 0.0173023 0.0542764 0.0544899 0.0546583 -0.0590089 0.0556954 0.0561804 0.0556974 0.0547688 0.0563322 -0.05105 -0.0527252 -0.0510266 -0.0513506 -0.0506667 0.0556089 -0.0506203 -0.0507026 -0.0508635 -0.0505845 -0.0506712 -0.0506252 -0.0507346 -0.0505752 -0.0506078 -0.0505718 -0.0506574
internal_weight=72.917 67.4179 66.2311 4.60229 61.6288 61.5046 61.4069 1.67256 55.3102 49.7205 40.8685 16.5936 24.2749 5.49905 1.42328 1.18686 1.02081 5.22444 16.031 5.13084 1.00851 0.657977 4.47287 0.602172 0.795444 0.43554 4.33413 0.481076 4.23005 0.303049
internal_count=692 244 161 73 88 83 79 70 66 57 49 22 27 448 69 83 63 443 19 440 79 44 396 48 67 32 387 41 379 24
is_linear=0
shrinkage=0.05


Tree=44
num_leaves=31
num_cat=0
split_feature=9 15 7 16 12 11 18 7 14 14 15 13 9 15 20 9 4 14 0 8 9 18 7 18 19 14 5 8 18 14
split_gain=21.3828 3.25668 4.75774 0.680692 3.67293 0.392397 0.243357 0.0209076 0.016308 0.0114121 0.00628496 0.00277478 0.00250852 0.000906491 0.000552283 0.000552051 0.000377508 0.000368648 6.51915e-05 6.44534e-05 4.86244e-05 2.85818e-05 1.50507e-05 1.21804e-05 4.33823e-06 3.59336e-06 1.93603e-06 1.21032e-06 1.92167e-06 9.28943e-07
threshold=0.0044648572802543649 0.66678112745285045 0.30205073952674871 0.5745864510536195 1.5750381350517275 1.7788798809051516 0.019239347428083423 0.20927245914936068 -0.00045274198055267329 0.49393710494041448 0.61741822957992565 1.3924961686134341 0.0040103129576891669 0.44558477401733404 0.62584277987480175 0.0041340435855090627 0.97992980480194103 0.41782028973102575 1.101495683193207 0.011712447740137579 0.028684974648058418 0.17355674505233767 0.22347870469093326 0.022288983687758449 0.91688811779022228 0.30367042124271398 -0.43492414057254786 0.0050565481651574382 0.10231461748480798 0.080020353198051467
decision_type=10 8 10 8 10 10 2 10 8 10 10 10 10 10 2 10 10 10 10 10 10 2 10 2 2 10 8 10 2 8
left_child=12 3 7 4 11 -4 -5 16 -8 -10 14 17 19 -14 -11 -15 18 20 23 21 26 25 -16 -3 -24 27 -2 -1 29 -29
right_child=1 2 5 6 -6 -7 8 -9 9 10 -12 -13 13 15 22 -17 -18 -19 -20 -21 -22 -23 24 -25 -26 -27 -28 28 -30 -31
leaf_value=-0.050543839910042791 -0.050895236152342607 -0.050691412109445423 0.023302157815450891 0.041726523388728509 0.054380361832960883 0.05785330293535338 0.057869334231749725 -0.062972371694994339 0.053143459027158037 0.055716952138816125 0.056971606816709056 -0.057851532824380505 -0.056704348328454682 -0.054424628537813449 0.055278844441692093 -0.050597162392210432 -0.053867583557514878 -0.053723707889433737 -0.052163631672912249 -0.051807233582805638 -0.051866281412755649 -0.051482973587769432 0.055155744112604349 -0.05119183875241641 0.055212556160541749 -0.0508548466200512 -0.050658083151850532 -0.05054240406130879 -0.050770237723659267 -0.050708227887428042
leaf_weight=4.1574484473094335 0.11552739795297384 0.21761518530547508 1.3177916351705792 3.2809011228382579 4.8833810389041901 2.1830867528915405 7.9517905488610268 0.86133486684411764 4.9517033556476227 7.5973443984985378 7.682068169116973 0.229324571788311 0.20801981538534153 0.19694945868104696 6.4410125017166164 0.18059797026216984 0.17501170560717583 0.15209005400538445 0.14927019365131855 0.10854970477521408 0.11590168625116348 0.085387347266077884 6.3206695318222028 0.27558246254920959 7.174351692199707 0.1015116749331354 0.33738112449645896 0.4774092212319373 0.15438200905919075 0.1026091780513525
leaf_count=391 7 17 23 8 8 2 10 8 10 9 8 2 2 4 8 16 3 3 4 6 4 5 8 14 9 7 27 45 11 8
internal_value=0.0411137 0.0496292 0.0116635 0.0530652 0.0368794 0.0448476 0.0549022 -0.0575365 0.0558006 0.055391 0.055707 -0.053061 -0.0509519 -0.054054 0.0553542 -0.0525938 -0.0518089 -0.0515371 -0.0512481 -0.0506017 -0.0509524 -0.0505759 0.055216 -0.050971 0.0551859 -0.0505604 -0.0507186 -0.0505543 -0.0506135 -0.0505717
internal_weight=68.186 62.4131 5.17969 57.2334 5.83361 3.50088 51.3998 1.67881 48.1189 40.1671 35.2154 0.950225 5.77286 0.585567 27.5334 0.377547 0.81748 0.7209 0.642468 5.1873 0.56881 5.07875 19.936 0.493198 13.495 4.99336 0.452909 4.89185 0.7344 0.580018
internal_count=687 192 71 121 51 25 70 46 62 52 42 43 495 22 34 20 38 41 35 473 38 467 25 31 17 462 34 455 64 53
is_linear=0
shrinkage=0.05


Tree=45
num_leaves=31
num_cat=0
split_feature=2 4 15 13 6 10 2 1 11 7 10 2 6 0 2 11 5 13 20 2 0 15 10 2 8 8 8 0 15 8
split_gain=18.635 4.06868 3.60707 1.16501 1.10123 0.46965 0.748017 1.52554 1.5685 0.0304934 0.0169925 0.00418113 0.00124991 0.000957619 0.00102958 0.000866841 0.000243004 0.000178684 4.07967e-05 1.66848e-05 1.46237e-05 1.32666e-05 1.20461e-05 3.21051e-06 3.13501e-06 2.99895e-06 2.11518e-06 1.7151e-06 1.26875e-06 2.97796e-07
threshold=1.421582877635956 0.47004961967468267 0.44558477401733404 0.53470164537429821 0.080084040760993971 0.048698838800191886 1.3062299489974978 0.50870239734649669 0.34857206046581274 0.34763076901435858 0.06912586092948915 1.4755778312683108 0.1363329961895943 1.136447608470917 0.67418074607849132 0.37890549004077917 -0.21849349141120908 0.89605700969696056 0.73424538969993602 1.816181540489197 0.62970322370529186 0.71201300621032726 -0.011038653086870907 0.4180056899785996 0.008946291636675598 0.0099415937438607233 0.010180647950619461 3.2996325492858891 0.53409153223037731 0.012749258428812029
decision_type=8 10 8 10 10 8 10 10 10 10 8 8 10 10 10 10 8 10 2 8 10 8 10 10 10 10 10 8 8 10
left_child=1 2 -1 28 -5 6 7 -6 -9 10 -7 -2 -4 -12 23 -16 -14 19 20 22 21 -18 -13 -15 -24 -21 -20 29 -3 -27
right_child=11 3 12 4 5 9 -8 8 -10 -11 13 17 16 14 15 -17 18 -19 26 25 -22 -23 24 -25 -26 27 -28 -29 -30 -31
leaf_value=0.05853890086930557 -0.056991231133032505 -0.050766336688147444 -0.054875374503707511 -0.052802445760992411 0.056714510061064184 0.057812230218245823 0.060833467181347217 0.050631400385769992 -0.020563247170531433 0.0519548316093148 0.054566938431473824 -0.051205256509708176 -0.05320915819221006 0.054959052748410488 0.055142562634302089 0.055950967253599083 -0.051256333420870673 -0.052851700184051657 -0.050525164390288785 -0.050519522615786863 -0.051556134266435731 -0.050641594560512371 -0.050535442215312004 0.05490773983835559 -0.050834403541677876 -0.050528642306493649 -0.050707852056524484 -0.050823087986760579 -0.050981949994868908 -0.050636496664680279
leaf_weight=1.2532715396955603 0.27092626132070918 0.1278457036241879 0.22542912233620871 0.24746143445372482 3.3320222571492213 7.26950228214264 3.8371384143829346 1.3042000904679301 1.9016314074397085 6.5919952616095534 6.0768785420805242 0.15424948278814554 0.1065774317830801 6.1225939393043536 6.2785012125968915 7.0279361009597778 0.17347432300448407 0.087054471485316642 0.82981919310986973 3.8196195540949702 0.13592551462352276 0.17763365060091019 0.18731109518557776 6.0709091424942017 0.16487727127969265 0.10312030557543028 0.1958326818421483 0.11915185209363699 0.14631248917430639 0.16870598122477531
leaf_count=2 6 9 5 6 5 7 3 2 14 10 9 8 3 8 8 8 8 3 81 376 5 15 18 8 11 10 15 8 8 14
internal_value=0.0410173 0.0488702 -0.00691692 0.0519381 0.0524409 0.0529075 0.043309 0.0330236 0.00840024 0.0550992 0.0556327 -0.0509479 -0.0513872 0.055131 0.0552654 0.0555695 -0.0509016 -0.0506071 -0.050739 -0.0505656 -0.0511158 -0.0509453 -0.0508368 0.0549335 -0.0506754 -0.050533 -0.05056 -0.0506649 -0.0508814 -0.0505956
internal_weight=64.5079 59.4329 3.09796 56.3349 56.0608 55.8133 10.375 6.53785 3.20583 45.4383 38.8463 5.07502 1.84469 31.5768 25.4999 13.3064 1.61926 4.80409 1.51269 4.71704 0.487033 0.351108 0.506438 12.1935 0.352188 4.2106 1.02565 0.390978 0.274158 0.271826
internal_count=693 239 134 105 88 82 24 21 16 58 48 454 132 41 32 16 127 448 124 445 28 23 37 16 29 408 96 32 17 24
is_linear=0
shrinkage=0.05


Tree=46
num_leaves=31
num_cat=0
split_feature=2 0 18 1 6 13 9 5 1 1 10 9 2 10 0 13 4 10 13 11 9 21 2 13 9 4 5 10 10 14
split_gain=17.9329 4.08326 1.50732 3.4013 1.19519 0.808623 0.698169 0.18752 0.0743716 0.0233303 0.0292835 0.00462601 0.00360065 0.00223304 0.00123905 0.000464737 0.000215202 0.000196782 0.00015386 5.53936e-05 1.51316e-05 1.11507e-05 8.59285e-06 3.79668e-06 2.72948e-06 2.25376e-06 1.70712e-06 1.04009e-06 2.836e-07 1.97636e-07
threshold=1.421582877635956 0.60042887926101696 0.015866636298596862 2.2698401212692265 0.080084040760993971 0.53470164537429821 0.00547730177640915 0.041628345847129829 0.52712160348892223 1.4344105720520022 0.041665809229016311 0.0082177738659083861 1.4755778312683108 0.020138065330684188 0.97045370936393749 2.0067049264907841 1.2519755959510805 0.01546991663053632 0.89605700969696056 0.34857206046581274 0.0049993237480521211 0.15625000000000003 1.7913848757743838 0.62525090575218212 0.0043905598577111968 0.14597868919372561 -0.60357245802879322 0.0026011784793809061 -0.063236694782972322 0.17490468919277194
decision_type=8 10 2 8 10 10 10 8 10 8 10 10 8 10 10 8 10 10 10 10 10 2 10 10 10 10 10 10 10 10
left_child=1 16 3 8 -4 -6 -7 9 -3 10 -8 -12 -2 17 -13 19 21 24 20 -16 23 25 -22 29 -10 -1 -24 -27 -28 -14
right_child=12 2 4 -5 5 6 7 -9 13 -11 11 14 18 -15 15 -17 -18 -19 -20 -21 22 -23 26 -25 -26 27 28 -29 -30 -31
leaf_value=-0.050488695347871995 -0.056627416232445521 -0.084742572797286628 -0.05245544803697836 0.055784958023294723 -0.050852244544573891 0.031081980825275982 0.050256486297091001 0.043838328662302188 -0.050501405511966371 0.058118237930318929 0.056069159226841969 0.054047296281706458 -0.050489438710972827 -0.056977546400745475 0.054676288469594658 0.055246433865916614 -0.052824643842801382 -0.053181766927762386 -0.052708223253443966 0.054856852802359871 -0.051048938078161625 -0.051075503370378778 -0.050801764743269362 -0.050733349513754904 -0.050814440474197364 -0.050558441237952237 -0.050501155038451609 -0.050758896614733179 -0.050608893102244971 -0.05055877909741037
leaf_weight=0.5176219893619407 0.25932684820145269 0.2418960034847254 0.27351273689418931 1.732404828071594 0.18923470284789701 3.4993442520499221 3.4668935239315095 4.0424659065902153 0.34287784900516272 5.5106678605079642 8.7030373215675336 5.0953649468719986 3.7333516832441096 0.22420437820255756 8.7488013505935722 7.0644726753234854 0.12594212964177132 0.086244797334074974 0.083028489723801502 8.2555922865867597 0.19014854077249754 0.11553663294762373 0.11804428696632385 0.16921463608741749 0.087383024394512177 0.11755861807614565 0.087946983054280281 0.14394563343375921 0.19995327573269606 0.10567114874720562
leaf_count=54 6 1 8 2 12 15 9 10 35 5 10 8 389 3 12 9 3 2 3 11 11 6 8 13 6 11 9 10 17 10
internal_value=0.0405267 0.0482458 0.0500035 0.0136375 0.0518035 0.0523261 0.0526851 0.0541706 -0.0606716 0.0550622 0.0546548 0.0550575 -0.0508923 -0.0528107 0.0547556 0.0549056 -0.0508895 -0.0510019 -0.050575 0.054764 -0.0505365 -0.0506171 -0.0507716 -0.0505016 -0.050565 -0.0505491 -0.0506416 -0.0506688 -0.050576 -0.0504913
internal_weight=63.5317 58.585 57.5644 2.71501 54.8494 54.5759 54.3866 50.8873 0.982606 46.8448 41.3342 37.8673 4.94669 0.74071 29.1642 24.0689 1.02061 0.516506 4.68736 17.0044 4.60433 0.894663 0.596093 4.00824 0.430261 0.779126 0.405945 0.261504 0.2879 3.83902
internal_count=708 242 158 49 109 101 89 74 47 64 59 50 466 46 40 32 84 43 460 23 457 81 45 412 41 75 34 21 26 399
is_linear=0
shrinkage=0.05


Tree=47
num_leaves=31
num_cat=0
split_feature=9 15 7 10 14 17 11 10 16 11 4 11 6 10 7 14 10 6 14 11 13 8 19 3 2 8 20 10 2 5
split_gain=16.894 4.07994 3.24293 1.61539 2.01346 3.59882 0.319446 1.22553 0.137771 0.0817061 0.0310796 0.0105743 0.022392 0.0106721 0.0025495 0.00200398 0.00191131 0.0012856 0.000335111 0.000271121 9.27923e-05 4.55647e-05 3.47663e-05 1.78665e-05 6.15363e-06 2.56494e-06 2.23818e-06 1.7554e-06 1.44136e-06 1.42232e-07
threshold=0.0044648572802543649 0.65570455789566051 0.30205073952674871 0.044187704101204879 0.15564228594303134 0.72329732775688182 1.7788798809051516 0.069807022809982314 0.66398853063583385 0.040217213332653053 1.1790702939033511 0.31109741330146795 0.13394550979137423 0.06912586092948915 0.21524376422166827 -0.28571015596389765 0.039422288537025459 0.19779983907938006 0.30367042124271398 0.9383513629436494 0.72120746970176708 0.011712447740137579 0.65255051851272594 1.5255478024482729 1.9018318057060244 0.008946291636675598 0.90832772850990307 0.014875650405883791 1.7196843624114992 0.22390496730804446
decision_type=10 8 10 8 10 10 10 10 10 10 10 10 10 8 10 10 10 10 10 10 8 10 2 8 10 10 2 8 10 10
left_child=16 3 10 4 5 8 7 20 15 -5 14 12 -11 -13 18 -2 21 -15 22 24 28 25 -3 -19 -17 -1 -27 -24 -4 -26
right_child=1 2 6 9 -6 -7 -8 -9 -10 11 -12 13 -14 17 -16 19 -18 23 -20 -21 -22 -23 27 -25 29 26 -28 -29 -30 -31
leaf_value=-0.050470533870789397 -0.057124308895420806 -0.051617627560162305 -0.050830978240361584 0.038750400936737248 0.051614559662342463 0.056391160182469507 0.057004016856061823 0.055167314467224449 -0.086969736612058951 0.048944770094009132 -0.070105986560770037 0.057029828396013553 0.054535929329421855 0.055211196499673668 -0.056609700235537443 -0.050971684698093572 -0.05434610589685606 0.054397014000709502 -0.053244340299989958 -0.052991019056388859 -0.052305865716666511 -0.051356214388572963 -0.050562110555676588 0.054514273501111189 -0.050560153187731785 -0.050519920187698998 -0.050844775169847201 -0.050815211014020659 -0.050595902207585267 -0.050477661694538517
leaf_weight=4.0813906714320174 0.23245059791952372 0.14993496797978811 0.1529740747064352 0.8114295843988647 3.2495908737182617 1.1228743046522138 1.0049017667770386 0.79156887531280518 0.49831744655966759 2.1847912725061169 0.38815979659557331 6.7388362884521511 9.9281650185585004 9.3971483111381549 0.47877491544932127 0.12019152939319722 0.35015836264938105 7.6198548078536961 0.27351966686546803 0.2070263959467411 0.14401060529053211 0.15351479779928912 0.15619026776403178 5.6626078486442575 0.11883460450917482 0.13868966605514277 0.085838924162089825 0.1220286274328829 0.11365351919084787 0.093263730406761169
leaf_count=443 3 6 10 7 6 2 1 1 3 9 2 7 14 12 7 7 11 11 6 6 4 11 15 8 11 14 6 8 10 10
internal_value=0.0388482 0.0471772 -0.00286652 0.0511149 0.0259841 -0.00882166 0.0361982 0.018807 -0.0664759 0.0544638 -0.0578325 0.0547708 0.0535275 0.0552828 -0.0537967 -0.0532434 -0.0507891 0.0547636 -0.0518772 -0.0515707 -0.0512832 -0.0505098 -0.0510039 0.054447 -0.0506859 -0.0504796 -0.0506441 -0.0506731 -0.0507308 -0.0505239
internal_weight=56.5707 51.7611 3.77572 47.9854 5.64255 2.39296 2.20711 1.20221 1.27008 42.3428 1.56861 41.5314 12.113 29.4184 1.18045 0.771767 4.80959 22.6796 0.701674 0.539316 0.410638 4.45943 0.428154 13.2825 0.33229 4.30592 0.224529 0.278219 0.266628 0.212098
internal_count=671 186 70 116 48 42 26 25 40 68 44 61 23 38 42 37 485 31 35 34 24 474 29 19 28 463 20 23 20 21
is_linear=0
shrinkage=0.05


Tree=48
num_leaves=31
num_cat=0
split_feature=13 15 16 9 8 19 8 0 18 3 5 8 1 0 3 10 0 19 5 11 6 1 8 9 9 10 14 16 2 10
split_gain=15.2267 3.81161 2.95451 0.94018 2.71029 0.840528 1.85723 0.593856 0.325738 1.39827 0.0311119 0.0172528 0.016537 0.00716529 0.00527371 0.0015407 0.0012993 0.000721925 0.000709191 0.0001519 5.3014e-05 3.91947e-05 1.5832e-05 1.36183e-05 1.12691e-05 3.54322e-06 2.11026e-06 1.14547e-06 8.33875e-07 6.82777e-07
threshold=0.53470164537429821 0.66678112745285045 0.74301347136497509 0.00547730177640915 0.013528712559491398 0.50342935323715221 0.013352664187550546 0.82088837027549755 0.22868979722261432 2.0558508634567265 -0.71249002218246449 0.041206646710634239 1.3987427949905398 1.136447608470917 2.9636579751968388 0.069807022809982314 1.3798909187316897 0.72472912073135387 -0.25320038199424738 0.34857206046581274 0.16113740205764773 1.0856835246086123 0.025171152316033844 0.0054344895761460075 0.0049993237480521211 -0.038886055350303643 1.0000000180025095e-35 0.46067257225513464 1.2279025912284853 0.00093043645028956245
decision_type=10 8 10 10 8 2 10 10 2 8 8 8 10 10 10 8 10 2 10 10 10 8 10 10 10 8 10 10 8 8
left_child=21 3 10 4 5 -2 18 -5 9 16 -3 12 13 -9 17 -15 22 -12 -7 20 -17 -1 29 -19 28 -26 -27 -20 -23 -4
right_child=1 2 8 7 -6 6 -8 11 -10 -11 14 -13 -14 15 -16 19 -18 23 27 -21 -22 24 -24 -25 25 26 -28 -29 -30 -31
leaf_value=-0.05140052462123057 0.061391819043712603 -0.073515089741307132 -0.050445646525308557 0.021966460167839361 -0.069885552323487907 -0.053917146726471833 0.057235085264931464 0.052563311912773782 0.056615929011467364 0.055724773933982744 -0.053216508585327872 0.051679587456500337 0.057105405575892734 0.055318786123294085 -0.060995868733544206 0.054134768064911604 -0.056311968563400532 -0.050477013475114511 -0.050662758788812157 0.054530898924411389 0.05435090896539152 -0.050599161286761556 -0.051352347206708907 -0.050995762870792216 -0.050507167936048807 -0.050684943105563741 -0.050927578643037111 -0.050466892176734612 -0.050442775284647148 -0.050639101539212278
leaf_weight=0.11909511126577754 2.6505374908447257 0.21755228936672211 0.087137280032038689 1.4697240665554989 0.59532193839550007 0.27936131879687265 1.0296900272369385 5.3661723881959942 0.96227848529815663 0.85950636863708507 0.47580874059349232 5.4688647016882888 5.9388351803645483 5.4568772912025478 0.17963785491883744 5.2606363296508807 0.17680547758936882 0.44100226555019617 0.10914021357893955 8.4574267268180829 6.1577811241149902 0.087370603345334863 0.091564793139696121 0.17741472739726305 0.20576065499335527 0.28702829405665387 0.13028976693749428 0.23617561347782612 3.4961143378168344 0.095703546889126412
leaf_count=6 2 1 10 9 5 8 1 9 1 1 14 12 7 7 2 8 2 48 9 12 9 8 5 11 21 22 8 26 402 8
internal_value=0.0396454 0.0471101 -0.00135574 0.0508737 0.0301089 0.0439371 0.0159721 0.0532087 0.0345252 0.0183071 -0.0560402 0.0542992 0.0546903 0.054223 -0.0530559 0.0545746 -0.0529694 -0.0517524 -0.0520441 0.0543703 0.0542513 -0.050506 -0.0508157 -0.0506258 -0.0504807 -0.050677 -0.0507607 -0.0505288 -0.0504466 -0.0505469
internal_weight=56.5666 52.241 3.76441 48.4765 4.90023 4.3049 1.65437 43.5763 2.273 1.31072 1.49142 42.1066 36.6377 30.6989 1.27386 25.3327 0.451211 1.09423 0.624677 19.8758 11.4184 4.32566 0.274406 0.618417 4.20656 0.623079 0.417318 0.345316 3.58348 0.182841
internal_count=694 227 103 124 51 46 44 73 27 26 76 64 52 45 75 36 25 73 43 29 17 467 23 59 461 51 30 35 410 18
is_linear=0
shrinkage=0.05


Tree=49
num_leaves=31
num_cat=0
split_feature=2 4 21 6 0 13 15 0 13 14 2 5 4 11 14 20 20 9 18 18 2 13 18 5 4 10 14 9 6 9
split_gain=14.9806 3.02172 2.87174 0.797279 0.730015 0.709488 0.516424 0.797986 0.198028 0.0321105 0.00245385 0.000919532 0.000866394 0.000476634 9.16544e-05 6.89798e-05 3.16162e-05 1.13586e-05 1.04118e-05 5.61796e-06 4.9906e-06 2.29748e-06 1.49512e-06 1.39186e-06 7.99172e-07 2.61003e-07 1.53455e-07 6.26558e-08 4.09984e-08 2.59267e-08
threshold=1.421582877635956 0.47004961967468267 0.53125000000000011 0.080084040760993971 0.60042887926101696 0.53470164537429821 0.64646530151367199 2.0651667118072514 1.0620328783988955 0.076336700469255461 1.4755778312683108 -0.55013331770896901 0.35499350726604467 0.46423751115798956 0.5553683638572694 0.89195632934570324 0.73424538969993602 0.0049993237480521211 0.11933107301592828 0.12650259584188464 1.7913848757743838 0.62525090575218212 0.13098435848951342 -0.44243484735488886 0.23371316492557528 -0.063236694782972322 0.17490468919277194 0.0042095459066331395 0.13278971612453463 0.0043905598577111968
decision_type=8 10 2 10 10 10 10 10 10 8 8 8 10 10 10 2 2 10 2 2 10 10 2 10 10 10 10 10 10 10
left_child=1 2 12 -3 -5 -6 8 -8 -7 -10 -2 15 16 -13 17 19 18 21 -1 -11 -19 26 24 -22 27 -25 29 -18 -27 -12
right_child=10 3 -4 4 5 6 7 -9 9 11 14 13 -14 -15 -16 -17 22 20 -20 -21 23 -23 -24 25 -26 28 -28 -29 -30 -31
leaf_value=-0.050828207212901544 -0.055764880889077641 -0.053020015657245061 0.056637227767351112 -0.051863126683922289 -0.050733137010519472 0.045841686486342736 0.022303434483761153 0.056063698796426836 0.058210903786088113 0.053972147856048702 -0.050419919895397861 0.054189949342936507 -0.053480005078253137 0.054802369862043412 -0.05229394985193099 0.054160760452823281 -0.050419725715219424 -0.050893469296610552 -0.051429120854816671 0.053903999577856354 -0.050712303890380145 -0.050625986198950118 -0.050680957528439319 -0.050417080899845673 -0.0505676798091661 -0.050507131139077115 -0.050493237476147972 -0.050469101491181917 -0.050555781051113552 -0.050450616972212398
leaf_weight=0.1766408467665308 0.23445168370380898 0.18575243465602298 1.0677288081496952 0.17273816838860412 0.17049018293619056 7.2158301286399356 3.5786705948412409 3.4260311722755432 6.0944550633430525 7.6280068755149859 3.0144875161349796 5.2867654561996407 0.352986296173185 7.9614911675453186 0.069817266426980384 5.2492775917053214 0.53652803553268313 0.18031420744955529 0.12178196012973785 5.0107343196868896 0.11706443782895803 0.14483582973480214 0.076593545265495777 0.065631773322820663 0.11823574546724558 0.078437484800815582 0.074508641846477874 0.072990760207176208 0.096685990691184998 0.070391156710684188
leaf_count=13 6 5 2 7 13 14 14 4 6 12 365 8 12 11 3 8 65 12 5 8 9 13 6 8 11 8 8 8 9 8
internal_value=0.0408184 0.0477884 -0.00564382 0.0503824 0.0507532 0.0510966 0.051434 0.0388157 0.0534226 0.0548919 -0.0507963 0.0542422 -0.051324 0.054558 -0.0504986 0.0540084 -0.0506339 -0.050466 -0.0510734 0.0539451 -0.050679 -0.0504313 -0.0504708 -0.0505709 -0.0504487 -0.0505021 -0.0504223 -0.0504256 -0.050534 -0.0504206
internal_weight=58.6504 54.5037 2.52349 51.9802 51.7945 51.6218 51.4513 7.0047 44.4466 37.2307 4.14663 31.1363 1.45576 13.2483 3.91217 17.888 1.10277 3.84236 0.298423 12.6387 0.538134 3.30422 0.804348 0.35782 0.727755 0.240755 3.15939 0.609519 0.175123 3.08488
internal_count=681 232 122 110 105 98 85 18 67 53 449 47 120 19 443 28 108 440 18 20 46 394 90 34 84 25 381 73 17 373
is_linear=0
shrinkage=0.05


Tree=50
num_leaves=31
num_cat=0
split_feature=2 10 2 18 16 4 15 0 8 1 4 13 15 1 1 2 10 6 12 8 10 13 18 13 14 11 8 18 10 13
split_gain=13.773 3.69121 4.93168 0.780469 1.58487 1.85447 0.876769 0.116353 0.0880601 0.0400686 0.0495223 0.0384283 0.00397903 0.00248253 0.00244665 0.0021154 0.00139053 0.000817147 0.00070817 0.000286926 0.000248305 7.92261e-05 2.59921e-05 7.76896e-06 5.41293e-06 2.91048e-06 2.58756e-06 1.25484e-06 1.16517e-06 6.01392e-07
threshold=1.421582877635956 0.0070683797821402558 1.3314796686172488 0.019655969925224785 0.78140529990196239 1.5921105146408083 0.27972273528575903 2.0058726072311406 0.041206646710634239 1.3987427949905398 0.61145523190498363 2.4972971677780156 0.62049615383148204 2.577874064445496 0.78970882296562206 1.4755778312683108 0.047293392941355712 0.099062249064445509 1.4166483879089358 0.022276242263615135 -0.028187560848891732 0.89605700969696056 0.20507160574197772 0.7682541310787202 0.078547012060880675 0.75038841366767894 0.012749258428812029 0.082743883132934584 0.01546991663053632 0.62525090575218212
decision_type=8 8 10 2 8 10 10 10 8 10 10 10 10 10 10 8 10 10 8 10 8 10 2 10 10 10 10 2 10 10
left_child=1 2 7 4 5 11 -5 13 9 10 -8 16 14 17 18 -2 19 -1 -12 28 -19 23 24 26 27 -20 29 -22 -3 -17
right_child=15 3 -4 6 -6 -7 8 -9 -10 -11 12 -13 -14 -15 -16 21 -18 20 25 -21 22 -23 -24 -25 -26 -27 -28 -29 -30 -31
leaf_value=-0.053566514895766963 -0.05546639652245422 -0.050405881330262373 0.054768782630669421 -0.051322292409706177 0.054876361630757722 0.053764534491331374 0.048611429953752387 -0.088936052813585798 0.044875580579090454 0.05775921445487138 0.054445376455826845 -0.077148164709959874 0.055020003499016978 -0.058380739999250454 0.05270874866514489 -0.050402511121070297 -0.057135015947685601 -0.052618396653755041 0.053773165261223332 -0.053471888435031922 -0.050409724958540916 -0.052156035530277561 -0.051355225591996304 -0.050874544905204148 -0.050786267529497858 0.053721452772652736 -0.050563224280334246 -0.050600591435324277 -0.050669646637608701 -0.05053372466133739
leaf_weight=0.37301527708768878 0.22418711474165265 0.079659507144241859 2.0397222749888897 0.20125462487339874 2.2568084597587585 0.60716539621353149 4.9236462526023379 0.24613094329833973 2.8994398396462193 5.755995273590087 5.4571549892425635 0.26627429760992527 7.5870135463774195 0.14477295707911242 4.9203798100352278 3.1248269774951059 0.2179926410317421 0.17382140457630157 5.4740163683891279 0.16690827999264002 0.66402397071942665 0.067828690633177646 0.094929060898721218 0.096160002052783855 0.12763934023678303 5.4099913835525513 0.2855871315114199 0.098944200202822685 0.088257529772818089 0.089835932478308567
leaf_count=8 6 10 6 9 3 1 14 1 9 6 8 3 11 2 9 395 2 6 9 5 83 3 4 7 9 9 27 9 7 9
internal_value=0.0399093 0.0469213 0.000607262 0.0508845 0.028802 -0.0124562 0.0527924 -0.0568335 0.0532863 0.0539032 0.053246 -0.0615435 0.054037 -0.0521222 0.0536862 -0.0507516 -0.0540272 -0.051531 0.0539805 -0.0520038 -0.050876 -0.0504631 -0.0505687 -0.0504312 -0.0504849 0.0537475 -0.050419 -0.0504345 -0.0505445 -0.0504062
internal_weight=54.1634 50.275 3.963 46.312 3.68307 1.42626 42.6289 1.92328 42.4276 39.5282 33.7722 0.819092 28.8486 1.67715 21.2615 3.88843 0.552818 1.53237 16.3412 0.334825 1.15936 3.66424 0.985537 3.59641 0.890608 10.884 3.50025 0.762968 0.167917 3.21466
internal_count=690 243 128 115 31 28 84 122 75 66 60 27 46 121 35 447 24 119 26 22 111 441 105 438 101 18 431 92 17 404
is_linear=0
shrinkage=0.05


Tree=51
num_leaves=31
num_cat=0
split_feature=9 10 2 13 0 13 6 15 11 0 6 10 10 17 1 6 14 14 8 2 14 2 8 14 11 17 5 20 14 13
split_gain=14.3387 2.84232 2.87054 1.73159 0.947755 0.647308 0.674152 0.556869 0.918805 0.0823869 0.0062092 0.00365119 0.0029554 0.00127126 0.000594767 0.000359727 0.000188538 7.00917e-05 4.80114e-05 3.0095e-05 2.15557e-05 5.90159e-06 4.2602e-06 6.43841e-06 2.8088e-06 1.91688e-06 3.32907e-07 3.09784e-07 2.49967e-07 9.2162e-08
threshold=0.0044648572802543649 0.0098626455292105692 1.3314796686172488 0.79466024041175853 0.60042887926101696 0.53470164537429821 0.087747775018215193 0.64646530151367199 0.67430761456489574 2.0058726072311406 0.13714036345481875 0.066478218883276 0.039422288537025459 0.51111027598381054 0.88241088390350353 0.092014469206333174 0.065857388079166426 0.20272235572338107 0.011712447740137579 0.48892760276794439 -0.057295486330986016 1.7913848757743838 0.007053379202261568 0.076336700469255461 1.5395286679267886 0.68788596987724315 -0.26971822977066034 0.90832772850990307 -0.28571015596389765 0.72120746970176708
decision_type=10 8 10 10 10 10 10 10 10 10 10 10 10 10 10 10 10 10 10 8 8 10 10 8 10 10 10 2 8 10
left_child=12 2 9 16 -3 -6 -7 10 -9 13 -8 -12 18 -2 19 -15 21 20 22 25 -17 -4 28 27 -22 -13 -23 -24 -1 -30
right_child=1 4 3 -5 5 6 7 8 -10 -11 11 14 -14 15 -16 17 -18 -19 -20 -21 24 26 23 -25 -26 -27 -28 -29 29 -31
leaf_value=-0.050479284560052511 -0.057179412793883382 -0.051388114401717117 -0.050870485120688161 0.055959343097334684 -0.05074024508718275 -0.05238033985659582 0.052237414695000366 0.055279420702305397 0.019753040659466557 -0.085622749158635714 0.055100532653953142 0.053581613388942587 -0.054908173931678489 -0.053453534686182781 0.054220288311031151 -0.051438364858176634 -0.053168215275148936 -0.052374767679834393 -0.051338157777658079 0.053709963583127553 -0.050793964338671338 -0.050537811146128708 -0.050382309203671698 -0.050884364879067792 -0.050418412328741002 0.053539802991479701 -0.050415526891023812 -0.050493368314563226 -0.050380520993023183 -0.050403991467075665
leaf_weight=0.07058984087780118 0.15536925196647666 0.2307568434625854 0.12966772820800576 1.9278510035946963 0.15811990154907007 0.15823708847165008 5.460075542330741 3.8594742417335501 3.4439945220947266 0.24295122921466827 6.6800795793533352 5.2339450716972351 0.41026974888518442 0.34777629002928734 5.2361348867416373 0.13924048095941544 0.087571767158806324 0.1175928208976984 0.14309542207047332 4.7833807468414316 0.11413964629173279 0.08275135233998332 0.15042166179046024 0.11076223058626056 0.088306822348386049 5.7563434243202209 0.169989102054387 0.10778042301535606 2.6972066788002858 0.49502684595063318
leaf_count=8 3 14 9 3 12 4 10 5 13 1 9 9 12 7 8 7 3 5 12 8 8 8 20 9 11 10 21 12 360 63
internal_value=0.0376122 0.0459152 0.00333863 0.0349803 0.049657 0.0502289 0.050622 0.0510249 0.0385267 -0.0596055 0.0537784 0.0540823 -0.0508779 -0.0530378 0.0537586 -0.0522404 -0.0510755 -0.0513219 -0.0504398 0.0536053 -0.0509595 -0.0505963 -0.0504044 -0.0505655 -0.0506301 0.0535597 -0.0504556 -0.0504287 -0.0503862 -0.0503842
internal_weight=48.7889 44.6037 3.60321 2.39783 41.0005 40.7698 40.6117 40.4534 7.30347 1.20538 33.15 27.6899 4.18515 0.962425 21.0098 0.807056 0.46998 0.45928 3.77488 15.7737 0.341687 0.382408 3.63179 0.368964 0.202446 10.9903 0.25274 0.258202 3.26282 3.19223
internal_count=684 188 86 44 102 88 76 72 18 42 54 44 496 41 35 38 41 31 484 27 26 38 472 41 19 19 29 32 431 423
is_linear=0
shrinkage=0.05


Tree=52
num_leaves=31
num_cat=0
split_feature=8 10 18 10 0 0 9 8 12 17 5 13 10 10 10 14 16 14 9 7 18 18 5 14 18 18 9 9 14 9
split_gain=12.3087 2.10721 3.59505 2.09103 2.39875 0.64935 0.579595 0.352619 0.242357 0.232415 0.0654245 0.0372136 0.00399055 0.00188289 0.000919752 0.000885356 0.000554012 0.000276561 0.00020887 0.000204569 0.000398225 6.13314e-05 3.12974e-05 2.17332e-05 2.88327e-06 2.13625e-06 1.7123e-06 5.33693e-07 3.47981e-07 8.32355e-08
threshold=0.0084337433800101298 0.048698838800191886 0.023383523337543014 0.0070683797821402558 2.7742373943328862 0.82088837027549755 0.00547730177640915 0.064018703997135176 1.1523545384407046 0.72304400801658641 -1.0965077877044676 2.4972971677780156 0.06912586092948915 0.039422288537025459 0.049804432317614562 -0.36968018114566797 0.59681653976440441 0.30367042124271398 0.0076205816585570582 0.25109304487705236 0.11045989394187929 0.48138153553009039 -0.020117580890655514 1.2682361602783205 0.015291597694158556 0.14793338626623156 0.0064507678616791972 0.0049993237480521211 -0.28571015596389765 0.0054344895761460075
decision_type=10 8 2 8 10 10 10 8 10 10 10 10 8 10 10 8 8 10 10 10 2 2 10 8 2 2 10 10 8 10
left_child=14 2 11 4 10 -3 -7 12 9 -5 -4 13 -8 18 21 -12 -14 22 24 23 -21 26 -17 -18 27 -24 28 -2 -1 -30
right_child=1 5 3 8 -6 6 7 -9 -10 -11 15 -13 16 -15 -16 17 19 -19 -20 20 -22 -23 25 -25 -26 -27 -28 -29 29 -31
leaf_value=-0.050473200072765283 -0.050376743835460903 -0.051825375202654615 -0.082699563435603723 0.021643136862583061 0.048953410936065318 -0.054660675433698659 0.05499579418266768 0.030783661656916851 0.055705914853401234 0.053550868082626372 -0.055522179116557296 -0.073874464318049546 0.052894071397342125 -0.056426052603458024 -0.055103509619224195 -0.05161883841099623 0.053368785547732334 -0.053239638031431537 -0.052430273525559651 0.053442595145372529 0.053996263575493503 -0.051883192102379162 -0.050489909518891353 0.05350367201979464 -0.05078556437896236 -0.050816600846998961 -0.050630928000980957 -0.050521861885871593 -0.050365092235771639 -0.0504191018465458
leaf_weight=0.077981032431125641 0.154724318999796 0.15062013082206149 0.23905923962592801 1.2700319755822396 0.96721009025350202 0.12641975283622642 5.1992886867374208 1.7625969061627973 4.7946639321744442 1.0364485038444398 0.24910793267190456 0.28200872289016843 3.4294571597129098 0.2614855277352035 0.10735437367111433 0.13693446572869739 7.1678528785705593 0.24552000686526299 0.24574986007064581 6.7373297810554487 6.2700599431991577 0.068667128682136425 0.10941316327080797 5.1188621520996085 0.076222031377255917 0.092214182950556278 0.063510753214359172 0.10728842439129949 3.1591329332441105 0.072983668651431688
leaf_count=9 21 6 1 15 8 4 8 8 10 4 5 6 8 6 2 6 13 5 13 12 10 2 12 9 6 6 6 11 440 9
internal_value=0.0391806 0.0460699 0.0260925 0.0364832 -0.00814086 0.0517739 0.0522096 0.0525882 0.0492993 0.0359813 -0.0596421 -0.0581461 0.0537212 -0.0528998 -0.050546 -0.0530264 0.0534904 -0.051962 -0.0513209 0.0535713 0.0537095 -0.0504039 -0.0510355 0.053425 -0.0505149 -0.0506393 -0.0503738 -0.0504362 -0.0503688 -0.0503663
internal_weight=49.7802 46.2306 10.2681 9.1406 2.03946 35.9625 35.8119 35.6854 7.10114 2.30648 1.07225 1.12748 33.9229 0.84547 3.54963 0.83319 28.7236 0.584082 0.583985 25.2941 13.0074 3.44228 0.338562 12.2867 0.338235 0.201627 3.37361 0.262013 3.3101 3.23212
internal_count=681 213 135 72 43 78 72 68 29 19 35 63 60 57 468 34 52 29 51 44 22 466 24 22 38 18 464 32 458 449
is_linear=0
shrinkage=0.05


Tree=53
num_leaves=31
num_cat=0
split_feature=2 10 15 0 4 8 18 5 9 10 1 2 4 5 2 4 14 20 20 9 13 8 13 10 18 10 8 5 14 9
split_gain=11.6124 3.43063 4.31901 1.16231 0.660145 0.355573 0.146611 0.0652852 0.0405736 0.00852516 0.00177434 0.00158619 0.000463876 0.000153492 0.00011687 6.39107e-05 6.31872e-05 3.25433e-05 1.99235e-05 5.83048e-06 2.80185e-06 1.68248e-06 1.49387e-06 1.0022e-06 9.44062e-07 3.90683e-07 3.49134e-07 2.76834e-07 9.96243e-08 2.02429e-08
threshold=1.421582877635956 0.011271635536104442 0.39816808700561529 0.60042887926101696 0.47004961967468267 0.054721800610423095 0.023383523337543014 -0.41498938202857966 0.0076205816585570582 0.069807022809982314 2.577874064445496 1.4755778312683108 0.35499350726604467 0.074630737304687514 0.68888255953788768 1.2519755959510805 0.65390074253082286 0.89011991024017345 0.55510985851287853 0.0049993237480521211 0.28694276511669164 0.03223314322531224 0.6629963517189027 0.053268404677510268 0.010023576673120262 0.034201845526695258 0.0090823811478912848 0.010365456342697145 0.17490468919277194 0.0043905598577111968
decision_type=8 8 8 10 10 8 2 10 10 8 10 8 10 8 10 10 10 2 2 10 10 8 10 10 2 8 10 10 10 10
left_child=1 2 -1 15 -5 6 -6 -4 -8 -10 12 -2 18 -14 17 25 19 21 -9 22 23 -11 28 26 -20 -3 -21 -26 29 -13
right_child=11 3 7 4 5 -7 8 10 9 14 -12 16 13 -15 -16 -17 -18 -19 24 20 -22 -23 -24 -25 27 -27 -28 -29 -30 -31
leaf_value=0.061058078257147923 -0.054974429326701872 -0.050511141288982868 -0.080104122504656927 -0.052806564019661696 0.040593056207342174 0.029201665238831245 0.049139520850512444 -0.050970887175546598 0.055249320205245457 0.053181101294208437 -0.057738581809390371 -0.050344019524398445 -0.052906031264202874 -0.051251718899930646 0.053480746549335059 -0.052153585216033929 -0.051986393138393816 0.053355829969856688 -0.050344113532559548 -0.050370779958467948 -0.050816617598015236 0.053220662236945784 -0.050540665089703965 -0.050652506427273626 -0.050547537572644574 -0.050661705050048411 -0.050492592784208847 -0.05042038095791343 -0.050405543638150675 -0.050372151305195505
leaf_weight=1.4357295073568823 0.20300740515813176 0.07628557411953707 0.2345774471759795 0.15289941150694986 2.5127844894304863 1.7449439428746689 5.5348571659997097 0.1872665127739308 7.5470864772796675 7.3405251502990749 0.11606444418430317 2.4152857125736795 0.40753570012748241 0.21375747583806515 7.3212916254997245 0.10553441382944584 0.062528266105800756 4.3617340326309195 0.44778561405837536 0.10107474634423841 0.083460716530680656 4.2398661375045767 0.10297394450753916 0.073499182239174843 0.083191590383648872 0.098995864391326904 0.14071595016866922 0.088167609646916389 0.069304128643125185 0.065685851965099462
leaf_count=2 6 8 1 5 11 9 12 13 10 14 1 356 12 15 13 3 3 8 66 14 6 8 11 6 8 8 15 11 9 9
internal_value=0.0395326 0.0462968 -0.00344881 0.050193 0.0508915 0.051282 0.0522735 -0.0555278 0.053081 0.0537891 -0.0517934 -0.0506921 -0.0513101 -0.0523369 0.0533154 -0.0511815 -0.050413 0.0532394 -0.050519 -0.0503807 -0.050559 0.0531956 -0.050354 -0.0504908 -0.0503823 -0.0505962 -0.0504417 -0.0504821 -0.0503464 -0.0503448
internal_weight=47.5684 44.2509 3.21408 41.0368 40.756 40.6031 38.8581 1.77835 36.3454 30.8105 1.54377 3.31754 1.4277 0.621293 23.2634 0.280816 3.11453 15.9421 0.806411 3.052 0.398751 11.5804 2.65325 0.31529 0.619145 0.175281 0.241791 0.171359 2.55028 2.48097
internal_count=673 238 129 109 90 85 76 127 65 53 126 435 125 27 43 19 429 30 98 426 41 22 385 35 85 16 29 19 374 365
is_linear=0
shrinkage=0.05


Tree=54
num_leaves=31
num_cat=0
split_feature=2 15 7 10 2 6 13 17 5 3 8 12 3 5 2 5 4 4 3 17 12 6 12 8 9 9 5 2 13 7
split_gain=11.019 3.17769 3.12195 1.06144 2.23989 3.81133 0.140366 0.0763909 0.0365927 0.00844917 0.00194426 0.00240394 0.00162912 0.00149356 0.00136466 0.000907164 0.000329279 0.000212133 0.000121049 5.83094e-05 5.49902e-05 2.37034e-05 1.27633e-05 8.44322e-06 6.60228e-06 5.35664e-06 4.07488e-06 2.25839e-06 1.29669e-06 1.12994e-06
threshold=1.421582877635956 0.66597792506217968 0.36453439295291906 0.044187704101204879 1.3062299489974978 0.29810236394405371 0.7682541310787202 0.68607759475708019 -0.71249002218246449 2.9636579751968388 0.017620372585952285 1.2600840330123904 2.8678231239318852 -0.60357245802879322 1.4755778312683108 -0.19767594337463376 0.35499350726604467 0.79490071535110485 1.4374785423278811 0.75885862112045299 0.78490754961967479 0.15180183202028277 1.8869683742523196 0.018171596340835098 0.0049993237480521211 0.005138327833265067 -0.014003574848175047 1.7913848757743838 0.6629963517189027 0.23745931684970858
decision_type=8 8 10 8 10 10 10 10 8 10 10 8 10 8 8 8 10 10 10 10 10 10 10 10 10 10 8 10 10 10
left_child=1 3 8 4 5 7 -5 12 -3 13 -8 -12 16 -10 -2 19 23 21 -18 22 24 -15 29 -1 28 -23 -27 -26 -16 -13
right_child=14 2 -4 6 -6 -7 10 -9 9 -11 11 15 -14 17 20 -17 18 -19 -20 -21 -22 25 -24 -25 27 26 -28 -29 -30 -31
leaf_value=-0.050387678734723232 -0.054719267728690041 -0.075306076816434794 0.046353433360202229 0.040092443498783784 0.057875436426566333 0.053498142427692866 0.054309373273738394 -0.07786044610222044 -0.057144203774108705 -0.063222812607673193 0.0518223192193972 0.053043250434644973 -0.056897708934994379 -0.051179155766415331 -0.050328239737402886 0.053850149827998808 -0.053635356873113937 -0.052457133336376971 -0.05201436130409634 0.053273947603168552 -0.051924135874512459 -0.050353418061104938 0.053129593051732371 -0.051018356982837368 -0.050708157884893225 -0.050875515448927926 -0.050452891549842532 -0.050464363440749019 -0.050521348391670606 0.053007641636073383
leaf_weight=0.20171578787267319 0.19398432550951783 0.22311809659004211 1.4717565793544052 2.1681020772084585 3.324979976285249 1.4917032211087642 3.8563644886016872 0.45957143604755402 0.10939046740531921 0.18369658198207606 3.1982322484254864 5.0409119129180926 0.21243373304605484 0.14369662851095133 2.4860271401703371 5.4300504922866848 0.2081701522693038 0.19287894666194916 0.2577906739898026 4.2617725431919089 0.05763697950169433 0.38931326009333134 4.6324716210365287 0.072013417258858681 0.14545774273574341 0.11105495970696211 0.11725619342178106 0.273803167976439 0.090080750174820312 3.9921647906303406
leaf_count=28 6 1 12 9 5 5 6 2 1 2 8 10 2 8 384 9 4 5 13 8 3 57 9 4 12 8 14 32 10 8
internal_value=0.0380704 0.0449704 -0.00512797 0.0487685 0.0298563 -0.00223124 0.052384 -0.0611191 -0.0566567 -0.0533206 0.0532603 0.0531079 -0.0530384 -0.0516104 -0.0506528 0.053284 -0.05193 -0.050976 -0.0527385 0.0531125 -0.0503944 -0.0506008 0.0530621 -0.0505536 -0.0503649 -0.0504662 -0.0506585 -0.0505489 -0.050335 0.0530275
internal_weight=44.9976 41.7506 2.94216 38.8084 6.22838 2.9034 32.5801 1.4117 1.47041 1.24729 30.412 26.5556 0.952124 1.06359 3.24699 23.3574 0.73969 0.9542 0.465961 17.9273 3.05301 0.761321 13.6655 0.273729 2.99537 0.617624 0.228311 0.419261 2.57611 9.03308
internal_count=685 238 108 130 63 58 67 53 96 95 58 52 51 93 447 44 49 92 17 35 441 87 27 32 438 79 22 44 394 18
is_linear=0
shrinkage=0.05


Tree=55
num_leaves=31
num_cat=0
split_feature=13 18 5 10 18 4 12 10 5 13 14 10 5 14 16 9 14 18 16 18 9 4 18 10 15 5 0 0 9 4
split_gain=11.0086 2.96392 1.83621 0.915463 2.72252 0.609871 0.308379 0.20438 0.0372906 0.0311784 0.0110916 0.00210527 0.000721086 0.000350244 0.000311678 0.00027325 0.000128233 6.92427e-05 3.08184e-05 1.81622e-05 4.49562e-06 4.29854e-06 1.86964e-06 1.53802e-06 6.16993e-07 4.8712e-07 5.15347e-07 4.72113e-07 4.31952e-07 1.73708e-07
threshold=0.62525090575218212 0.015866636298596862 -1.5512769818305967 0.0070683797821402558 0.22868979722261432 0.47004961967468267 0.94000694155693065 0.06912586092948915 -1.3612381219863889 2.4972971677780156 0.081923011690378203 0.039422288537025459 -0.30101299285888666 0.34449526667594915 0.62424066662788402 0.0076205816585570582 0.30367042124271398 0.17355674505233767 0.72594013810157787 0.15720169991254809 0.0049993237480521211 0.68239286541938793 0.089135531336069121 -0.038457425311207764 0.63411220908164989 -0.95034405589103688 1.9443580508232119 1.136447608470917 0.005832189694046975 0.18541359901428225
decision_type=10 2 10 10 2 10 10 10 8 10 10 10 10 10 10 10 10 2 8 2 10 10 2 10 10 8 10 8 10 10
left_child=13 2 -2 4 8 -5 7 -7 -3 11 -8 15 14 19 -12 28 17 21 22 20 27 24 -16 -22 -10 -25 -27 -1 29 -4
right_child=1 3 9 5 -6 6 10 -9 16 -11 12 -13 -14 -15 18 -17 -18 -19 -20 -21 23 -23 -24 25 -26 26 -28 -29 -30 -31
leaf_value=-0.050471783273964614 0.053501188824257528 -0.075705312427114854 -0.05031304328689884 -0.050976151955651097 0.045087746310336636 0.031805492634650101 0.055713701853190238 0.051954097165420134 -0.05059895190101299 -0.071734457638138724 0.053407643544556321 -0.056564366039630082 0.053729827890487893 -0.052774277061463273 0.052902855274435494 -0.053460163844200076 -0.052872919969391155 -0.052068801110398071 0.05304274449807525 -0.05090577103762698 -0.050373155218393507 -0.050894634110926477 0.052860629964712719 -0.050681902916523337 -0.050417095366438236 -0.050607831085909917 -0.050430661477510533 -0.050313462432016842 -0.05046933296043106 -0.050383991960226297
leaf_weight=0.048002566676587644 0.57026362419128407 0.22425398230552673 0.38303905492648371 0.14546444267034431 3.6116721658036113 2.9661016315221778 5.251987996511164 2.1863264050334692 0.086737040430306389 0.26819269545376301 4.3361781239509609 0.20503634214401245 4.6611269116401699 0.15916593186557282 4.8347433805465663 0.080572968814522028 0.12641320191323757 0.1201286967843771 4.0120232701301584 0.14966821018606413 0.15088893147185445 0.11016836576163769 5.7266089916229248 0.075520937331020832 0.10089242737740278 0.091949036344885715 0.074140675831586123 2.4714488419704139 0.061698317527770996 0.11135225277394056
leaf_count=6 1 1 62 9 13 12 8 5 8 6 8 2 8 4 10 3 3 4 8 11 21 7 12 6 13 8 9 400 7 15
internal_value=0.0384556 0.0455851 -0.0194209 0.0484219 0.0269033 0.0511843 0.0516217 0.0403551 -0.0585465 -0.0568884 0.0536358 -0.052158 0.0531728 -0.0504875 0.0530355 -0.0507389 -0.0514776 -0.0510555 0.0529248 -0.0503686 -0.050341 -0.0506467 0.05288 -0.0504984 -0.0505012 -0.0505766 -0.0505287 -0.0503165 -0.0503446 -0.050329
internal_weight=43.4018 40.181 1.68016 38.5008 4.38027 34.1206 33.9751 5.15243 0.768594 1.10989 28.8227 0.841699 23.5707 3.22079 18.9096 0.636663 0.54434 0.417927 14.5734 3.06162 2.91195 0.297798 10.5614 0.3925 0.187629 0.241611 0.16609 2.51945 0.55609 0.494391
internal_count=690 225 96 129 49 80 71 17 36 95 54 89 46 465 38 87 35 32 30 461 450 28 22 44 21 23 17 406 84 77
is_linear=0
shrinkage=0.05


Tree=56
num_leaves=31
num_cat=0
split_feature=13 15 7 10 10 0 10 13 10 5 3 10 13 5 4 9 2 4 9 15 2 0 15 9 10 0 2 5 2 16
split_gain=9.70153 2.98414 3.12041 1.10991 0.722886 2.16049 0.492593 0.0878178 0.0325821 0.0280008 0.00859744 0.00431637 0.00149244 0.000919915 0.000801579 0.000284396 0.000214423 0.000186607 2.21493e-05 2.18654e-05 1.53083e-05 1.229e-05 5.31733e-06 4.62771e-06 1.28384e-06 6.67313e-07 5.89236e-07 5.13261e-07 5.2013e-07 4.00712e-07
threshold=0.53470164537429821 0.66013774275779735 0.30205073952674871 0.044187704101204879 0.0070683797821402558 2.7742373943328862 0.014226516243070366 0.96415889263153087 0.072134710848331465 -1.0965077877044676 2.9636579751968388 0.06912586092948915 1.4531713724136355 -0.60357245802879322 1.6035024523735049 0.0045639211311936387 0.62924540042877208 0.79490071535110485 0.005138327833265067 0.55852121114730846 1.0939808487892153 1.0801489353179934 0.73050630092620861 0.0049993237480521211 -0.038886055350303643 0.54661428928375255 0.34105212986469274 -0.95034405589103688 1.7196843624114992 0.46192233264446264
decision_type=10 8 10 8 10 10 10 10 10 10 10 8 10 8 10 10 8 10 10 8 8 10 8 10 8 8 10 8 10 10
left_child=20 3 8 4 5 9 -6 -5 10 -2 13 -9 -13 -3 15 29 19 18 -15 26 -1 22 -20 -22 -25 -24 -14 -26 -29 -11
right_child=1 2 -4 7 6 -7 -8 11 -10 14 -12 12 16 17 -16 -17 -18 -19 21 -21 23 -23 25 24 27 -27 -28 28 -30 -31
leaf_value=-0.050885029464336623 -0.073831119307101054 -0.055171550554450492 0.046562391304272602 0.04407420590990279 0.055559284386127811 0.055667795296968248 0.02072010700839387 0.054516773852237577 -0.073636131951659939 -0.050449235249042261 -0.063671946733433349 0.051745314401341315 0.05270836963491099 -0.050319984738354022 -0.056374354616221048 -0.052907633995164641 0.053112522924446494 -0.052460818823004886 -0.050926299706630276 0.052859966949977744 -0.050297639489613882 -0.051347950952046972 -0.050335105667499991 -0.05035245510585299 -0.05064825433103385 -0.05056263091628474 0.052735309164882227 -0.050562510658883897 -0.050411496860883004 -0.050301030486721424
leaf_weight=0.12806779658421819 0.21859264373779275 0.14721743762493134 1.4914974030107258 3.0787771996110704 2.1840674597769976 0.85269427299499512 1.8948229728266595 3.9485422372817967 0.23209870140999544 0.083178388420493299 0.16861805319786061 3.3133497573435404 4.5443829894065857 0.39673236105590992 0.12717295624315739 0.27461110847070813 7.0847713351249686 0.15932102128863335 0.11756448121741414 4.2631990611553201 2.3372114212252204 0.0961436927318573 0.057305037509649992 0.14938691817224026 0.071884261444211006 0.073637314606457949 3.6682174503803253 0.12802657112479199 0.10280482098460197 0.10097677679732442
leaf_count=10 1 2 9 9 7 1 15 6 2 10 1 8 10 64 2 8 14 4 8 9 398 4 9 22 6 7 8 12 13 17
internal_value=0.0375645 0.044213 -0.00420217 0.0482073 0.028061 0.000214112 0.039375 0.0520721 -0.0564687 -0.0585592 -0.0531933 0.0529902 0.0527266 -0.0515073 -0.0528619 -0.0518882 0.0528928 -0.0509083 -0.0505747 0.0527681 -0.0503505 -0.0508679 -0.0506822 -0.050326 -0.0504724 -0.0504631 0.0527204 -0.0505316 -0.0504953 -0.050368
internal_weight=41.4949 38.5775 2.94014 35.6374 5.73612 1.65723 4.07889 29.9012 1.44864 0.804532 1.21654 26.8225 22.8739 1.04792 0.585939 0.458766 19.5606 0.900704 0.741383 12.4758 2.91738 0.344651 0.248507 2.78931 0.452103 0.130942 8.2126 0.302716 0.230831 0.184155
internal_count=696 235 110 125 61 39 22 64 101 38 99 55 49 98 37 35 41 96 92 27 461 28 24 451 53 16 18 31 25 27
is_linear=0
shrinkage=0.05


Tree=57
num_leaves=31
num_cat=0
split_feature=2 18 1 15 7 6 9 7 13 2 4 10 10 9 2 11 9 14 0 12 7 13 9 12 5 9 6 13 10 5
split_gain=9.6074 2.80908 1.66301 1.41952 2.82907 0.766901 0.405558 0.118023 0.0297639 0.0251852 0.0553533 0.0224472 0.00153605 0.000927102 0.000889444 0.000489489 0.000117171 6.63017e-05 6.04758e-05 4.99758e-05 6.14045e-06 4.79138e-06 2.57261e-06 1.76034e-06 9.97359e-07 5.48226e-07 3.07127e-07 2.44136e-07 1.45606e-07 1.09811e-07
threshold=1.421582877635956 0.015866636298596862 2.2698401212692265 0.66678112745285045 0.30205073952674871 0.080084040760993971 0.003346225013956428 0.34763076901435858 2.4972971677780156 1.0939808487892153 0.48891431093215948 0.049804432317614562 0.06912586092948915 0.0076205816585570582 1.4755778312683108 1.0557178258895876 0.015507067088037731 0.69687455892562877 1.2553825378417971 1.4288185238838198 0.16080180555582049 0.7682541310787202 0.0049993237480521211 1.7467208504676821 -1.1544392704963682 0.0058258036151528367 0.17237076163291934 0.62525090575218212 -0.015137008856981991 -0.053970307111740105
decision_type=8 2 8 8 10 10 10 10 10 10 10 10 8 10 8 8 10 10 10 8 10 10 10 8 8 10 10 10 8 10
left_child=1 2 8 5 11 -3 -7 9 13 10 -8 15 -12 25 -2 -5 19 21 20 -14 -17 22 27 -21 -24 29 28 -16 -26 -1
right_child=14 3 -4 4 -6 6 7 -9 -10 -11 12 -13 16 -15 17 18 -18 -19 -20 23 -22 -23 24 -25 26 -27 -28 -29 -30 -31
leaf_value=-0.050363631774512987 -0.054146218704873086 -0.052401523545332798 0.05314711914972952 -0.054844826149571348 0.047105209664279939 -0.051868619679546285 0.042895917252805914 0.043816034765011447 -0.070964760215757913 0.055955129797308913 0.053769463411201306 -0.068162020181721808 0.052803770599153435 -0.054056936130013215 -0.050282880325479479 -0.050525900138396598 0.052925086549499713 -0.05214714843171149 -0.052105514785178719 0.052615227808580238 -0.051034324970667434 -0.050705471446185826 -0.050609945111675492 0.052572387200751497 -0.050322130617822841 -0.050450077666254013 -0.050490017455358027 -0.050381615942895398 -0.050407640530744861 -0.050289107949604089
leaf_weight=0.055901107843965181 0.16425590403377954 0.17782383132725854 0.51944702863693248 0.12915592221543137 2.0901455618441105 0.094267407432197525 1.4644918460398972 3.9240177329629651 0.25963175389915705 5.9193269554525605 4.3102561784908175 0.38815228082239628 3.7243094742298171 0.23700178507715464 2.0940391803160328 0.11197340255603194 5.2450841069221488 0.05050031654536713 0.13974557444453239 3.9622912704944602 0.12645111232995987 0.077257852535694727 0.065981782507151365 6.0731599628925332 0.10593567974865437 0.067281617783010006 0.0615930100902915 0.064536664634942897 0.093920745886862167 0.4270386374555516
leaf_count=8 5 5 1 5 12 6 11 12 6 9 8 3 8 7 375 13 11 2 4 9 7 7 6 14 17 8 7 9 12 75
internal_value=0.0392952 0.0456244 -0.0199925 0.0483376 0.0152476 0.0511688 0.0516993 0.0519813 -0.0562842 0.053025 0.052325 -0.0591116 0.0529173 -0.0514425 -0.0505773 -0.0521873 0.052724 -0.050353 -0.0512796 0.0526474 -0.0507955 -0.0503177 -0.0503056 0.0525893 -0.0504362 -0.0503164 -0.0503924 -0.0502858 -0.0503623 -0.0502977
internal_weight=42.225 39.447 1.5663 37.8807 2.98562 34.895 34.7172 34.6229 1.04685 30.6989 24.7796 0.895478 23.3151 0.787223 2.77802 0.507326 19.0048 2.61377 0.37817 13.7598 0.238425 2.56326 2.48601 10.0355 0.327431 0.550221 0.261449 2.15858 0.199856 0.48294
internal_count=682 242 105 137 44 93 88 82 104 70 61 32 50 98 440 29 42 435 24 31 20 433 426 23 42 91 36 384 29 83
is_linear=0
shrinkage=0.05


Tree=58
num_leaves=31
num_cat=0
split_feature=13 15 7 10 10 10 8 16 5 10 3 10 14 4 5 18 7 18 18 9 9 18 10 18 10 0 1 14 14 1
split_gain=8.49644 2.46373 3.74222 1.21457 2.08082 0.479128 0.397189 0.113275 0.0266535 0.0225519 0.00541134 0.00486618 0.00335648 0.00127769 0.000319032 0.00019724 1.81298e-05 1.47456e-05 9.10866e-06 3.30679e-06 2.96303e-06 2.81226e-06 1.29189e-06 1.25262e-06 8.58057e-07 4.14635e-07 3.07083e-07 1.27992e-07 1.17037e-07 4.18904e-08
threshold=0.53470164537429821 0.66597792506217968 0.30205073952674871 0.044187704101204879 0.0070683797821402558 0.014226516243070366 0.018740622326731685 0.54173430800437938 -1.0965077877044676 0.072134710848331465 2.3606649637222294 0.06912586092948915 0.5553683638572694 0.59998571872711193 -0.19767594337463376 0.11232316493988038 0.28556814789772039 0.15720169991254809 0.022288983687758449 0.0049993237480521211 0.0089591825380921381 0.10278584063053132 -0.038457425311207764 0.059267282485961921 0.014875650405883791 1.1703590750694277 2.642280220985413 0.039192745462059982 0.16608533263206485 2.9156017303466801
decision_type=10 8 10 8 10 10 8 8 10 10 8 8 8 10 8 2 8 2 2 10 10 2 10 2 10 8 10 10 10 10
left_child=17 3 9 4 8 -6 -7 -5 -2 10 13 -9 -13 18 16 23 21 19 24 25 -20 -14 29 -10 27 -1 -24 -3 -27 -21
right_child=1 2 -4 7 5 6 -8 11 15 -11 -12 12 14 -15 -16 -17 -18 -19 20 22 -22 -23 26 -25 -26 28 -28 -29 -30 -31
leaf_value=-0.050418503108109719 -0.073126454888632245 -0.050269091386786861 0.048846872051707624 0.041773446458011149 0.054395448332968159 -0.0013865692516991438 0.045813984850424774 0.054276316509646816 -0.050288113313743256 -0.070587891928861252 -0.061983274055082853 0.050956926283667096 0.05248749960200684 -0.053805774199261781 0.05298573893073804 -0.052539736930124516 0.052591633138726807 -0.050808975172067054 -0.050517639532132008 -0.050344236845764702 -0.050908691755501036 0.052434306882206842 -0.050577214280783982 -0.050585097354030675 -0.050494512232613309 -0.05026849695963264 -0.050448786840797982 -0.050358300704261609 -0.050334144618859149 -0.050284871751757276
leaf_weight=0.048573118634522294 0.21623700857162464 0.29743306012824089 1.9692149152979253 2.6607229150831726 2.0201264033094053 1.031612508464604 0.78474371135234866 3.7706775367259953 0.12412128271535128 0.21943610813468684 0.15595400333404552 3.6920286845415831 4.6295480132102931 0.54180458188056946 4.3486143946647777 0.26537246955558658 3.4680106043815622 0.14899177895858873 0.090241387020796537 0.072642351966351271 0.10457385890185833 5.3635691404342651 0.11871769838035096 0.049730757251381874 0.054603391326963902 2.0056489417329435 0.076564514078199863 0.046491697896271944 0.070271740201860555 0.050287497229874134
leaf_count=7 1 56 8 9 7 14 2 6 22 2 1 10 11 13 9 9 8 12 11 11 7 13 11 5 6 378 9 7 11 9
internal_value=0.0371042 0.0434152 0.00343389 0.0477058 0.0235744 0.0376406 0.0190061 0.0515864 -0.0587566 -0.0557688 -0.0532501 0.0526195 0.052329 -0.0520503 0.0526134 -0.0516821 0.0524931 -0.0503261 -0.0504474 -0.0502966 -0.0507276 0.0524589 -0.0504469 -0.0503731 -0.0503104 -0.0502741 -0.0505269 -0.0502812 -0.0502707 -0.05032
internal_weight=38.4966 35.9049 3.47975 32.4251 4.49194 3.83648 1.81636 27.9332 0.655462 1.51054 1.2911 25.2724 21.5018 1.13515 17.8097 0.439225 13.4611 2.5917 0.593343 2.44271 0.194815 9.99312 0.318212 0.173852 0.398528 2.12449 0.195282 0.343925 2.07592 0.12293
internal_count=685 237 111 126 60 23 16 66 37 103 101 57 51 100 41 36 32 448 87 436 18 24 40 27 69 396 20 63 389 20
is_linear=0
shrinkage=0.05


end of trees

feature_importances:
cy_delta_norm=183
stillness=149
mean_abs_dy=145
max_dy=133
torso_delta=132
ar_delta=110
ar_first=94
ar_range=90
ar_min=87
hip_first=85
torso_max=81
torso_last=78
w_norm=72
torso_first=67
h_norm=41
ar_last=39
conf_mean=34
hip_last=33
ar_max=32
conf_min=23
hip_max_norm=18
missing_ratio=17

parameters:
[boosting: gbdt]
[objective: binary]
[metric: binary_logloss,average_precision]
[tree_learner: serial]
[device_type: cpu]
[data_sample_strategy: bagging]
[data: ]
[valid: ]
[num_iterations: 600]
[learning_rate: 0.05]
[num_leaves: 31]
[num_threads: 0]
[seed: 0]
[deterministic: 0]
[force_col_wise: 0]
[force_row_wise: 0]
[histogram_pool_size: -1]
[max_depth: -1]
[min_data_in_leaf: 8]
[min_sum_hessian_in_leaf: 0.001]
[bagging_fraction: 0.9]
[pos_bagging_fraction: 1]
[neg_bagging_fraction: 1]
[bagging_freq: 1]
[bagging_seed: 3]
[bagging_by_query: 0]
[feature_fraction: 0.9]
[feature_fraction_bynode: 1]
[feature_fraction_seed: 2]
[extra_trees: 0]
[extra_seed: 6]
[early_stopping_round: 0]
[early_stopping_min_delta: 0]
[first_metric_only: 0]
[max_delta_step: 0]
[lambda_l1: 0]
[lambda_l2: 0]
[linear_lambda: 0]
[min_gain_to_split: 0]
[drop_rate: 0.1]
[max_drop: 50]
[skip_drop: 0.5]
[xgboost_dart_mode: 0]
[uniform_drop: 0]
[drop_seed: 4]
[top_rate: 0.2]
[other_rate: 0.1]
[min_data_per_group: 100]
[max_cat_threshold: 32]
[cat_l2: 10]
[cat_smooth: 10]
[max_cat_to_onehot: 4]
[top_k: 20]
[monotone_constraints: ]
[monotone_constraints_method: basic]
[monotone_penalty: 0]
[feature_contri: ]
[forcedsplits_filename: ]
[refit_decay_rate: 0.9]
[cegb_tradeoff: 1]
[cegb_penalty_split: 0]
[cegb_penalty_feature_lazy: ]
[cegb_penalty_feature_coupled: ]
[path_smooth: 0]
[interaction_constraints: ]
[verbosity: -1]
[saved_feature_importance_type: 0]
[use_quantized_grad: 0]
[num_grad_quant_bins: 4]
[quant_train_renew_leaf: 0]
[stochastic_rounding: 1]
[linear_tree: 0]
[max_bin: 255]
[max_bin_by_feature: ]
[min_data_in_bin: 3]
[bin_construct_sample_cnt: 200000]
[data_random_seed: 1]
[is_enable_sparse: 1]
[enable_bundle: 1]
[use_missing: 1]
[zero_as_missing: 0]
[feature_pre_filter: 1]
[pre_partition: 0]
[two_round: 0]
[header: 0]
[label_column: ]
[weight_column: ]
[group_column: ]
[ignore_column: ]
[categorical_feature: ]
[forcedbins_filename: ]
[precise_float_parser: 0]
[parser_config_file: ]
[objective_seed: 5]
[num_class: 1]
[is_unbalance: 0]
[scale_pos_weight: 9.32432]
[sigmoid: 1]
[boost_from_average: 1]
[reg_sqrt: 0]
[alpha: 0.9]
[fair_c: 1]
[poisson_max_delta_step: 0.7]
[tweedie_variance_power: 1.5]
[lambdarank_truncation_level: 30]
[lambdarank_norm: 1]
[label_gain: ]
[lambdarank_position_bias_regularization: 0]
[eval_at: ]
[multi_error_top_k: 1]
[auc_mu_weights: ]
[num_machines: 1]
[local_listen_port: 12400]
[time_out: 120]
[machine_list_filename: ]
[machines: ]
[gpu_platform_id: -1]
[gpu_device_id: -1]
[gpu_device_id_list: ]
[gpu_use_dp: 0]
[num_gpu: 1]

end of parameters

pandas_categorical:null
